ref_erp,sku_amazon,asin,ean_amazon,ean_erp,ean_final,origen_ean,metodo_match,sku_coincide,ean_coincide,todos_ean_erp,situacion_erp,titulo_amazon,is_active,notes
50119247,50119247,B01N10UTJW,,4050300646077,4050300646077,ERP,SKU = ref ERP,SI,SIN EAN EN AMAZON,"50119247, 4050300646077, 4050300646084",Normal,,true,
50128808,50128808,B002RWDJMA,4052305642504,4008321207715,4052305642504,Helium 10,SKU = ref ERP,SI,NO — EAN no existe en ERP,"50128808, 4008321207715, 4008321207722",Preferente,OSRAM - Bombilla halógena lineal 400W=400 R7s 2.000 horas,true,
50137794,50137794,B0049OZJ5E,,4008321928078,4008321928078,ERP,SKU = ref ERP,SI,SIN EAN EN AMAZON,"50137794, 4008321327758, 4008321928078",Preferente,,true,
50137800,50137800,B001QP70QK,4052305642443,4008321928092,4052305642443,Helium 10,SKU = ref ERP,SI,NO — EAN no existe en ERP,"50137800, 4008321327772, 4008321928092",Preferente,"Osram 64695 HV - Bombilla halógena lineal 120W=230V, R7s, 2.000 horas, 74.9 x 12 mm",true,
50142378,50142378,B002NTILV6,,4008321393746,4008321393746,ERP,SKU = ref ERP,SI,SIN EAN EN AMAZON,"50142378, 4008321393746, 4008321393753",Normal,,true,
50142996,50142996,B002MFHXPG,4008321945341,4008321945334,4008321945341,Helium 10,SKU = ref ERP,SI,SI (codigo secundario),"50142996, 4008321945334, 4008321945341",Preferente,Osram hal - Lámpara 66748 es 48w 230v g9,true,
50159710,50159710,B004QVQI32,,4008321544438,4008321544438,ERP,SKU = ref ERP,SI,SIN EAN EN AMAZON,"50159710, 4008321544438",Normal,,true,
,71299,B07NXTYYRB,15410288712991,,,SIN DATO,SIN MATCH,NO,SIN REF ERP,,,LAMPARA Solarium Bronceado TUBO Fluorescente RAYOS UVA SYLVANIA 0071299 Puresun 180W-R 2000mm 1000 Horas,true,
80000002,80000002,B016C0P0EW,,5410288266909,5410288266909,ERP,SKU = ref ERP,SI,SIN EAN EN AMAZON,"80000002, 5410288263328, 5410288266909, 5410288292083",Normal,,true,
80000706,80000706,B016C0INGO,,5410288474410,5410288474410,ERP,SKU = ref ERP,SI,SIN EAN EN AMAZON,"80000706, 5410288474410",Preferente,,true,
80000730,80000730,B016C0Q550,,5410288393100,5410288393100,ERP,SKU = ref ERP,SI,SIN EAN EN AMAZON,"80000730, 5410288393100",Normal,,true,
80000738,80000738,B015QN7QFC,,5410288271477,5410288271477,ERP,SKU = ref ERP,SI,SIN EAN EN AMAZON,"80000738, 5410288271477",Normal,,true,
80000739,80000739,B015PS55S8,,5410288271378,5410288271378,ERP,SKU = ref ERP,SI,SIN EAN EN AMAZON,"80000739, 5410288271378, 5410288293318",Normal,,true,
80000740,80000740,B01EWUOUFO,5410288266688,5410288266688,5410288266688,Helium 10,SKU = ref ERP,SI,SI,"80000740, 5410288266688, 5410288295855",Preferente,"Sylvania toledo - Lámpara led toledo gls v2 8,5w 806lm e27 sl",true,
80000795,80000795,B01EG6P86O,5410288273709,5410288273709,5410288273709,Helium 10,SKU = ref ERP,SI,SI,"80000795, 5410288273709, 5410288282305, 5410288282756, 5410288282848",Preferente,Sylvania toledo - Lámpara tubo toledo t8 v3 600mm 10w 1000lm 840,true,
80000796,80000796,B01EG827PM,5410288273747,5410288273747,5410288273747,Helium 10,SKU = ref ERP,SI,SI,"80000796, 5410288273747, 5410288282336",Preferente,"Sylvania 0027374 2000LM T8 V3 840 Toledo Lamparas, 1200mm, 20W",true,
80000797,80000797,B01EG8B8KM,,5410288273761,5410288273761,ERP,SKU = ref ERP,SI,SIN EAN EN AMAZON,"80000797, 5410288273761, 5410288282367, 5410288282817, 5410288292984",Preferente,,true,
80001939,80001939,B01MSDYOOU,,5410288532936,5410288532936,ERP,SKU = ref ERP,SI,SIN EAN EN AMAZON,"80001939, 5410288532936",Preferente,,true,
80001940,80001940,B01N4UI6SY,,5410288532943,5410288532943,ERP,SKU = ref ERP,SI,SIN EAN EN AMAZON,"80001940, 5410288532943",Normal,,true,
80001959,80001959,B01HBB3Q8I,,5410288535432,5410288535432,ERP,SKU = ref ERP,SI,SIN EAN EN AMAZON,"80001959, 5410288535432",Preferente,,true,
80001960,80001960,B01M35YK3O,,5410288535449,5410288535449,ERP,SKU = ref ERP,SI,SIN EAN EN AMAZON,"80001960, 5410288535449",Preferente,,true,
80002109,80002109,B01N28SPJU,,5410288532899,5410288532899,ERP,SKU = ref ERP,SI,SIN EAN EN AMAZON,"80002109, 5410288532899, 5410288551852",Normal,,true,
80002110,80002110,B01MZGAAOB,,5410288532929,5410288532929,ERP,SKU = ref ERP,SI,SIN EAN EN AMAZON,"80002110, 5410288532929",Normal,,true,
80002115,80002115,B01N28TBJO,,5410288533025,5410288533025,ERP,SKU = ref ERP,SI,SIN EAN EN AMAZON,"80002115, 5410288533025",Normal,,true,
80002156,80002156,B01MSVS9WT,,5410288266169,5410288266169,ERP,SKU = ref ERP,SI,SIN EAN EN AMAZON,"80002156, 5410288266169",Normal,,true,
80002159,80002159,B01N5VPX2J,,5410288266282,5410288266282,ERP,SKU = ref ERP,SI,SIN EAN EN AMAZON,"80002159, 5410288266282, 5410288295787",Preferente,,true,
80002160,80002160,B01MZGETPC,,5410288266299,5410288266299,ERP,SKU = ref ERP,SI,SIN EAN EN AMAZON,"80002160, 5410288266299, 5410288295879",Preferente,,true,
80002189,80002189,B015PS9VYC,,5410288272924,5410288272924,ERP,SKU = ref ERP,SI,SIN EAN EN AMAZON,"80002189, 5410288272924, 5410288294834",Normal,,true,
80002194,80002194,B01N3AEV3K,,5410288273303,5410288273303,ERP,SKU = ref ERP,SI,SIN EAN EN AMAZON,"80002194, 5410288273303, 5410288293325",Normal,,true,
80002207,80002207,B01FMIHC14,,5410288274485,5410288274485,ERP,SKU = ref ERP,SI,SIN EAN EN AMAZON,"80002207, 5410288274485, 5410288291796",Preferente,,true,
80002210,80002210,B01MQSQAWR,,5410288274553,5410288274553,ERP,SKU = ref ERP,SI,SIN EAN EN AMAZON,"80002210, 5410288274553, 5410288291819",Preferente,,true,
80002211,80002211,B01NCIBAYO,,5410288274560,5410288274560,ERP,SKU = ref ERP,SI,SIN EAN EN AMAZON,"80002211, 5410288274560, 5410288291802, 5410288291826",Preferente,,true,
80002383,80002383,B016C0PA4W,,5410288267876,5410288267876,ERP,SKU = ref ERP,SI,SIN EAN EN AMAZON,"80002383, 5410288267876, 5410288296975",Normal,,true,
80002388,80002388,B01N6XFYJ2,,5410288269740,5410288269740,ERP,SKU = ref ERP,SI,SIN EAN EN AMAZON,"80002388, 5410288269740, 5410288294964",Normal,,true,
80002390,80002390,B01N3AHCG4,,5410288269764,5410288269764,ERP,SKU = ref ERP,SI,SIN EAN EN AMAZON,"80002390, 5410288269764, 5410288296272",Preferente,,true,
80002391,80002391,B01MYETCD2,,5410288269771,5410288269771,ERP,SKU = ref ERP,SI,SIN EAN EN AMAZON,"80002391, 5410288269771, 5410288296289",Preferente,,true,
80002392,80002392,B01MZGEUEF,,5410288269719,5410288269719,ERP,SKU = ref ERP,SI,SIN EAN EN AMAZON,"80002392, 5410288269719, 5410288293691",Normal,,true,
80002393,80002393,B01N3ADFO7,,5410288269733,5410288269733,ERP,SKU = ref ERP,SI,SIN EAN EN AMAZON,"80002393, 5410288269733, 5410288296111",Preferente,,true,
80002396,80002396,B01MTFRG7A,,5410288274645,5410288274645,ERP,SKU = ref ERP,SI,SIN EAN EN AMAZON,"80002396, 5410288274645, 5410288285658, 5410288291413",Normal,,true,
80002399,80002399,B01MUHCL5P,,5410288274621,5410288274621,ERP,SKU = ref ERP,SI,SIN EAN EN AMAZON,"80002399, 5410288274621, 5410288291833",Preferente,,true,
80002400,80002400,B01MYEVWF1,,5410288274638,5410288274638,ERP,SKU = ref ERP,SI,SIN EAN EN AMAZON,"80002400, 5410288274638, 5410288291857",Preferente,,true,
80002970,80002970,B077TBDLQ1,,5410288267661,5410288267661,ERP,SKU = ref ERP,SI,SIN EAN EN AMAZON,"80002970, 5410288267661, 5410288292359",Preferente,,true,
80003027,80003027,B0CRWLWL9N,,5410288279688,5410288279688,ERP,SKU = ref ERP,SI,SIN EAN EN AMAZON,"80003027, 5410288279688, 5410288295930",Preferente,,true,
80003028,80003028,B0719BRTTZ,,5410288279664,5410288279664,ERP,SKU = ref ERP,SI,SIN EAN EN AMAZON,"80003028, 5410288279664, 5410288295947",Preferente,,true,
80003029,80003029,B07414C5HL,,5410288279695,5410288279695,ERP,SKU = ref ERP,SI,SIN EAN EN AMAZON,"80003029, 5410288279695, 5410288295954",Preferente,,true,
80003081,80003081,B0719BRSMH,,5410288279046,5410288279046,ERP,SKU = ref ERP,SI,SIN EAN EN AMAZON,"80003081, 5410288279046, 5410288300412",Normal,,true,
80003082,80003082,B071L89JMQ,,5410288279053,5410288279053,ERP,SKU = ref ERP,SI,SIN EAN EN AMAZON,"80003082, 5410288279053, 5410288295978, 5410288300429",Normal,,true,
80003083,80003083,B07414N1HJ,,5410288279060,5410288279060,ERP,SKU = ref ERP,SI,SIN EAN EN AMAZON,"80003083, 5410288279060, 5410288300238, 5410288300436",Normal,,true,
80003084,80003084,B07145HDN2,5410288279022,5410288279022,5410288279022,Helium 10,SKU = ref ERP,SI,SI,"80003084, 5410288279022, 5410288300450",Normal,Sylvania LED 20 W 2452lm 4000 K E27 Forma de la Bombilla,true,
80003104,80003104,B06XH4DPZN,,5410288263311,5410288263311,ERP,SKU = ref ERP,SI,SIN EAN EN AMAZON,"80003104, 5410288263311, 5410288292052",Normal,,true,
80003114,80003114,B07622N1V4,,5410288273976,5410288273976,ERP,SKU = ref ERP,SI,SIN EAN EN AMAZON,"80003114, 5410288273976, 5410288282329, 5410288282770, 5410288292946",Preferente,,true,
80003175,80003175,B07MFLY52J,,5410288277813,5410288277813,ERP,SKU = ref ERP,SI,SIN EAN EN AMAZON,"80003175, 5410288277813, 5410288302584",Preferente,,true,
80003273,80003273,B08288X99X,,5410288276649,5410288276649,ERP,SKU = ref ERP,SI,SIN EAN EN AMAZON,"80003273, 5410288276649, 5410288291888",Preferente,,true,
80003274,80003274,B08289X3Q6,,5410288276656,5410288276656,ERP,SKU = ref ERP,SI,SIN EAN EN AMAZON,"80003274, 5410288276656, 5410288291895",Preferente,,true,
80003316,80003316,B07KQZMP2Z,,5410288275154,5410288275154,ERP,SKU = ref ERP,SI,SIN EAN EN AMAZON,"80003316, 5410288275154, 5410288296104",Normal,,true,
80003317,80003317,B08LVXQXKD,,5410288275178,5410288275178,ERP,SKU = ref ERP,SI,SIN EAN EN AMAZON,"80003317, 5410288275178, 5410288296258",Normal,,true,
80003318,80003318,B08LVYJVBM,,5410288275185,5410288275185,ERP,SKU = ref ERP,SI,SIN EAN EN AMAZON,"80003318, 5410288275185, 5410288296265",Normal,,true,
80003355,80003355,B07RMY5D1H,,5410288282701,5410288282701,ERP,SKU = ref ERP,SI,SIN EAN EN AMAZON,"80003355, 5410288282701, 5410288291987",Normal,,true,
80003360,80003360,B09NQFCQ1J,,5410288283418,5410288283418,ERP,SKU = ref ERP,SI,SIN EAN EN AMAZON,"80003360, 5410288283418, 5410288296302",Normal,,true,
80003361,80003361,B07HWXDVWJ,,5410288283425,5410288283425,ERP,SKU = ref ERP,SI,SIN EAN EN AMAZON,"80003361, 5410288283425, 5410288296319",Normal,,true,
80003362,80003362,B09NQFQGPJ,5410288296326,5410288283449,5410288296326,Helium 10,SKU = ref ERP,SI,SI (codigo secundario),"80003362, 5410288283449, 5410288296326",Normal,Bombilla Led TOLEDO esfericaE14 6.5w 4000K SYLVANIA 0029632,true,
80003364,80003364,B07H956XM2,,5410288283340,5410288283340,ERP,SKU = ref ERP,SI,SIN EAN EN AMAZON,"80003364, 5410288283340, 5410288296135",Normal,,true,
80003365,80003365,B07H94V19G,,5410288283371,5410288283371,ERP,SKU = ref ERP,SI,SIN EAN EN AMAZON,"80003365, 5410288283371, 5410288296159",Normal,,true,
80003366,80003366,B09NQF3Q32,,5410288283395,5410288283395,ERP,SKU = ref ERP,SI,SIN EAN EN AMAZON,"80003366, 5410288283395, 5410288296166",Normal,,true,
80003595,80003595,B074H1L8N1,5410288290041,5410288290041,5410288290041,Helium 10,SKU = ref ERP,SI,SI,"80003595, 5410288290041",Preferente,"SYLVANIA 29004 - Bombilla LED, transparente",true,
80004020,80004020,B007UC3O04,,5410288027227,5410288027227,ERP,SKU = ref ERP,SI,SIN EAN EN AMAZON,"80004020, 5410288027227",Normal,,true,
80004158,80004158,B079CGX7SK,,5410288510583,5410288510583,ERP,SKU = ref ERP,SI,SIN EAN EN AMAZON,"80004158, 5410288510583",Normal,,true,
80004255,80004255,B07K4YJFGG,,5410288451626,5410288451626,ERP,SKU = ref ERP,SI,SIN EAN EN AMAZON,"80004255, 5410288451626",Normal,,true,
80004705,80004705,B0FRD2Y16R,,5410288282763,5410288282763,ERP,SKU = ref ERP,SI,SIN EAN EN AMAZON,"80004705, 5410288282312, 5410288282763, 5410288282930, 5410288292939",Normal,,true,
80004708,80004708,B0FRCXB5FJ,5410288302416,5410288282794,5410288302416,Helium 10,SKU = ref ERP,SI,SI (codigo secundario),"80004708, 5410288282343, 5410288282794, 5410288292960, 5410288302416",Normal,"Tubo TL LED Sylvania ToLEDo 13,3 W 6500 K 2000 lm 120 cm",true,
80004711,80004711,B0GNK5XCLQ,5410288302447,5410288282824,5410288302447,Helium 10,SKU = ref ERP,SI,SI (codigo secundario),"80004711, 5410288282824, 5410288292991, 5410288302447",Normal,Sylvania - Tubo LED T8 CCG G13 18W 2700LM Blanco Frío 1500mm,true,
80005628,80005628,B08P4Z2PQT,,5410288053769,5410288053769,ERP,SKU = ref ERP,SI,SIN EAN EN AMAZON,"80005628, 5410288053769",Normal,,true,
80005630,80005630,B093HLSX4W,,5410288053707,5410288053707,ERP,SKU = ref ERP,SI,SIN EAN EN AMAZON,"80005630, 5410288053707",Normal,,true,
80005635,80005635,B09NQGGL9J,,5410288284385,5410288284385,ERP,SKU = ref ERP,SI,SIN EAN EN AMAZON,"80005635, 5410288284385, 5410288296357",Normal,,true,
80007580,80007580,B09NQGF3GJ,,5410288293738,5410288293738,ERP,SKU = ref ERP,SI,SIN EAN EN AMAZON,"80007580, 5410288293738",Normal,,true,
80007667,80007667,B09NQG16NY,,5410288295336,5410288295336,ERP,SKU = ref ERP,SI,SIN EAN EN AMAZON,"80007667, 5410288295336",Normal,,true,
80007677,80007677,B09NQFS1SZ,,5410288293233,5410288293233,ERP,SKU = ref ERP,SI,SIN EAN EN AMAZON,"80007677, 5410288293233",Normal,,true,
80007688,80007688,B09NQGDHPX,,5410288293332,5410288293332,ERP,SKU = ref ERP,SI,SIN EAN EN AMAZON,"80007688, 5410288293332",Normal,,true,
80007725,80007725,B09NQGHZJJ,,5410288292069,5410288292069,ERP,SKU = ref ERP,SI,SIN EAN EN AMAZON,"80007725, 5410288292069",Normal,,true,
80007791,80007791,B09NQG7XKR,,5410288291130,5410288291130,ERP,SKU = ref ERP,SI,SIN EAN EN AMAZON,"80007791, 5410288291130",Normal,,true,
80007806,80007806,B09NQGWC8G,,5410288292342,5410288292342,ERP,SKU = ref ERP,SI,SIN EAN EN AMAZON,"80007806, 5410288292342",Normal,,true,
80007808,80007808,B0CRWF7JCJ,,5410288291925,5410288291925,ERP,SKU = ref ERP,SI,SIN EAN EN AMAZON,"80007808, 5410288291925",Normal,,true,
80007827,80007827,B09NQDR9TV,,5410288292335,5410288292335,ERP,SKU = ref ERP,SI,SIN EAN EN AMAZON,"80007827, 5410288292335",Normal,,true,
80007831,80007831,B09NQFBHPJ,,5410288292250,5410288292250,ERP,SKU = ref ERP,SI,SIN EAN EN AMAZON,"80007831, 5410288292250",Normal,,true,
80007838,80007838,B09NQD4XDK,,5410288291826,5410288291826,ERP,SKU = ref ERP,SI,SIN EAN EN AMAZON,"80007838, 5410288291826",Normal,,true,
80007906,80007906,B0C4B74BYD,,5410288300245,5410288300245,ERP,SKU = ref ERP,SI,SIN EAN EN AMAZON,"80007906, 5410288300245, 5410288300443",Normal,,true,
80009037,80009037,B0C4FW6ZVG,5410288055657,5410288055657,5410288055657,Helium 10,SKU = ref ERP,SI,SI,"80009037, 5410288055657",Normal,"SYLVANIA Proyector LED empotrado integrado, IP65, 6 W, ajustable, CCT 2700/3000/4000K, 100 grados, blanco",true,
80009070,80009070,B0FRBJYCZX,,5410288302409,5410288302409,ERP,SKU = ref ERP,SI,SIN EAN EN AMAZON,"80009070, 5410288302409",Normal,,true,
80009072,80009072,B0GNK9XW8G,,5410288302362,5410288302362,ERP,SKU = ref ERP,SI,SIN EAN EN AMAZON,"80009072, 5410288302362",Normal,,true,
80563752,80563752,B001QP55XA,,5410288278612,5410288278612,ERP,SKU = ref ERP,SI,SIN EAN EN AMAZON,"80563752, 5410288278612",Normal,,true,
80563764,80563764,B01N3AMG9V,,5410288274683,5410288274683,ERP,SKU = ref ERP,SI,SIN EAN EN AMAZON,"80563764, 5410288251219, 5410288274683, 5410288291871",Preferente,,true,
80587623,80587623,B00OOI9LJU,,5410288269542,5410288269542,ERP,SKU = ref ERP,SI,SIN EAN EN AMAZON,"80587623, 5410288262970, 5410288269542, 5410288296234",Preferente,,true,
80587630,80587630,B00OOI9LL8,5410288269481,5410288269481,5410288269481,Helium 10,SKU = ref ERP,SI,SI,"80587630, 5410288262994, 5410288269481, 5410288296241",Preferente,"Sylvania SYL-0026948 - Lámpara LED (Blanco cálido, A+, 4,5 cm)",true,
80599879,80599879,B001QP4TBE,,5410288025643,5410288025643,ERP,SKU = ref ERP,SI,SIN EAN EN AMAZON,"80599879, 5410288025643",Normal,,true,
80599909,80599909,B007TF3RE0,,5410288029016,5410288029016,ERP,SKU = ref ERP,SI,SIN EAN EN AMAZON,"80599909, 5410288029016",Normal,,true,
80641004,80641004,B00HW4ZXR2,,5410288258027,5410288258027,ERP,SKU = ref ERP,SI,SIN EAN EN AMAZON,"80641004, 5410288258027",Normal,,true,
80648997,80648997,B00OOI9ANM,,5410288269313,5410288269313,ERP,SKU = ref ERP,SI,SIN EAN EN AMAZON,"80648997, 5410288269313, 5410288296074",Preferente,,true,
80670639,80670639,B00OOI9HYO,,5410288269399,5410288269399,ERP,SKU = ref ERP,SI,SIN EAN EN AMAZON,"80670639, 5410288269399",Normal,,true,
80683837,80683837,B00M49H5R6,,5410288266725,5410288266725,ERP,SKU = ref ERP,SI,SIN EAN EN AMAZON,"80683837, 5410288266725, 5410288295817",Preferente,,true,
80683844,80683844,B00OOJGMDC,,5410288266824,5410288266824,ERP,SKU = ref ERP,SI,SIN EAN EN AMAZON,"80683844, 5410288266824, 5410288295893",Normal,,true,
80687927,80687927,B00Q4Y7RN4,,5410288271804,5410288271804,ERP,SKU = ref ERP,SI,SIN EAN EN AMAZON,"80687927, 5410288271804, 5410288293714",Normal,,true,
80688283,80688283,B0152WZNNE,,5410288272467,5410288272467,ERP,SKU = ref ERP,SI,SIN EAN EN AMAZON,"80688283, 5410288272467, 5410288295022",Normal,,true,
80688290,80688290,B0152XBQ98,,5410288272481,5410288272481,ERP,SKU = ref ERP,SI,SIN EAN EN AMAZON,"80688290, 5410288272481, 5410288295039",Normal,,true,
80997933,80997933,B07QS59FLW,,5410288431161,5410288431161,ERP,SKU = ref ERP,SI,SIN EAN EN AMAZON,"8099793301, 80997933, 5410288431161",Normal,,true,
111000745,111000745,B015TZW2X8,,8718696514924,8718696514924,ERP,SKU = ref ERP,SI,SIN EAN EN AMAZON,"111000745, 8718696514924, 8718696514931",Normal,,true,
111001047,111001047,B01BC2C6ZQ,8718696541258,8718696541258,8718696541258,Helium 10,SKU = ref ERP,SI,SI,"111001047, 8718696541258, 8718696541265, 8720169287600",Normal,"Philips Luz led G24d-3, 8.5 W, Paquete individual",true,
111002328,111002328,B06XDKMB53,,8718696697498,8718696697498,ERP,SKU = ref ERP,SI,SIN EAN EN AMAZON,"111002328, 8718696697498, 8718696697504",Normal,,true,
111004026,111004026,B01IC8AOBG,,8718696580639,8718696580639,ERP,SKU = ref ERP,SI,SIN EAN EN AMAZON,"111004026, 8718696580639, 8718696580646",Normal,,true,
111008789,111008789,B086GVRBQ6,,8718699687069,8718699687069,ERP,SKU = ref ERP,SI,SIN EAN EN AMAZON,"111008789, 8718699687069",Normal,,true,
111014559,111014559,B0BF4PNMLX,,8719514467026,8719514467026,ERP,SKU = ref ERP,SI,SIN EAN EN AMAZON,"111014559, 8719514467026",Normal,,true,
111015454,111015454,B0CR1CP24T,8720169270640,8720169270640,8720169270640,Helium 10,SKU = ref ERP,SI,SI,"111015454, 8720169270640",Normal,"Philips Tubo LED T5 MASTER (Mains) Alta Eficiencia 11,5 W 1700 lm - 840 Blanco Frío | 85 cm - Repuesto 21W",true,
111330055,111330055,B01N3YI228,,8711500145598,8711500145598,ERP,SKU = ref ERP,SI,SIN EAN EN AMAZON,"111330055, 8711500125491, 8711500145598",Normal,,true,
111340788,111340788,B00CLDDMDQ,,8711500264138,8711500264138,ERP,SKU = ref ERP,SI,SIN EAN EN AMAZON,"111340788, 8711500264138, 8711500264145",Normal,,true,
111359995,111359995,B004A7Q1GG,,8727900911602,8727900911602,ERP,SKU = ref ERP,SI,SIN EAN EN AMAZON,"111359995, 8727900911602",Normal,,true,
111379771,111379771,B005UYUZ8I,,8718291155232,8718291155232,ERP,SKU = ref ERP,SI,SIN EAN EN AMAZON,"111379771, 8718291155232",Normal,,true,
111418463,111418463,B00ONA96SK,,8718696400807,8718696400807,ERP,SKU = ref ERP,SI,SIN EAN EN AMAZON,"111418463, 8718696400807",Normal,,true,
123000068,123000068,B01N7Z0F04,8427227100054,8427227100054,8427227100054,Helium 10,SKU = ref ERP,SI,SI,"123000068, 8427227100054",Normal,Clar-leuci - Lámpara fluorescente tubo miniatura f8t5/d 8w g-5,true,
123000605,123000605,B01N29607W,8427227100948,8427227100948,8427227100948,Helium 10,SKU = ref ERP,SI,SI,"123000605, 8427227100948",Normal,Clar-leuci - Lámpara fluorescente tubo luz negra f15t8-bl 15w g13,true,
150013937,150013937,B002IJSE86,43168352529,43168352529,43168352529,Helium 10,SKU = ref ERP,SI,SI,"43168352529, 150013937",Normal,Ge lighting BIAX - Lampara tm d 26w/840 g24d-3,true,
150105317,150105317,B003ZX17MY,,43168105897,43168105897,ERP,SKU = ref ERP,SI,SIN EAN EN AMAZON,"43168105897, 150105317",Normal,,true,
,05-NDKE-740Z,B07W4WMF8Q,4250915431024,,4250915431024,Helium 10,SIN MATCH,NO,SIN REF ERP,,,"Luminizer 3102 - Juego de 100 bombillas halógenas clásicas, C35, E27, 28 W = 34 W, intensidad regulable, luz blanca cálida",true,
500000122,500000122,B000V7E4Y0,,4008321098498,4008321098498,ERP,SKU = ref ERP,SI,SIN EAN EN AMAZON,"500000122, 4008321098498, 4050300446325",Normal,,true,
500000150,500000150,B000WL7KF0,,4050300017723,4050300017723,ERP,SKU = ref ERP,SI,SIN EAN EN AMAZON,"500000150, 4050300017723",Normal,,true,
50005188,50005188,B002AXHN3M,,4050300006130,4050300006130,ERP,SKU = ref ERP,SI,SIN EAN EN AMAZON,"50005188, 4050300006130, 4050300315065",Normal,,true,
50005270,50005270,B002AXJ22M,,4050300010588,4050300010588,ERP,SKU = ref ERP,SI,SIN EAN EN AMAZON,"50005270, 4050300010588, 4050300240947",Normal,,true,
50104690,50104690,B07PGZH9XZ,,4050300490151,4050300490151,ERP,SKU = ref ERP,SI,SIN EAN EN AMAZON,"50104690, 4050300490151, 4050300942209, 4058075094291, 4058075094307",Normal,,true,
50105130,50105130,B00B7MPZ28,4050300517803,4050300517797,4050300517803,Helium 10,SKU = ref ERP,SI,SI (codigo secundario),"50105130, 4050300517797, 4050300517803",Preferente,Osram Lumilux T8 G13 L 18W 840 Lámpara fluorescente,true,
50904993,50904993,B01I3QW0IM,4050300253107,4050300020303,4050300253107,Helium 10,SKU = ref ERP,SI,SI (codigo secundario),"50904993, 4050300020303, 4050300253107",Preferente,"Osram Dulux DE 26 W/840 - Lámpara de bajo consumo de 4 pines, blanco frío, G24q-3 D/E, G24q-3, 35 W",true,
50905372,50905372,B002AXMDQE,4050300295886,4050300295879,4050300295886,Helium 10,SKU = ref ERP,SI,SI (codigo secundario),"50905372, 4050300295879, 4050300295886",Normal,"Osram, Osram Dulux L 55W 840 4000K 4800lm lámpara fluorescente compacta blanco frío",true,
50905648,50905648,B002AXJ0JW,,4050300342047,4050300342047,ERP,SKU = ref ERP,SI,SIN EAN EN AMAZON,"50905648, 4050300342047, 4050300342054",Normal,,true,
50990125,50990125,B002AXJ4IY,,4050300012049,4050300012049,ERP,SKU = ref ERP,SI,SIN EAN EN AMAZON,"50990125, 4050300012049, 4050300245386",Preferente,,true,
111323132,06-CMX0-93ID,B001HB3A5S,8711500575210,8711500575210,8711500575210,Helium 10,Cruce por EAN,SOLO POR EAN,SI,"111323132, 8711500575210, 8727900209297",Normal,BOMBILLA REFLECTORA R125 INFRARROJOS 250W E27 COLOR: ROJO (TERAPEUTICA) PHILIPS,true,
80000176,80000176,B001QP6X8G,,5410288000176,5410288000176,ERP,SKU = ref ERP,SI,SIN EAN EN AMAZON,"80000176, 5410288000176",Normal,,true,
80000299,80000299,B003UDDW5Y,5410288000299,5410288000299,5410288000299,Helium 10,SKU = ref ERP,SI,SI,"80000299, 5410288000299",Normal,Sylvania 0000029 F13W/T5/54-765 Estándar Corto Tubo,true,
80001449,80001449,B0002HPE0C,,5410288001449,5410288001449,ERP,SKU = ref ERP,SI,SIN EAN EN AMAZON,"80001449, 5410288001449",Normal,,true,
80223018,80223018,B0002HPFS8,,5410288223018,5410288223018,ERP,SKU = ref ERP,SI,SIN EAN EN AMAZON,"80223018, 5410288223018",Normal,,true,
80254647,80254647,B0015LVAHK,,5410288254647,5410288254647,ERP,SKU = ref ERP,SI,SIN EAN EN AMAZON,"80254647, 5410288254647",Normal,,true,
80551365,80551365,B0015M2L3G,5410288259253,5410288259253,5410288259253,Helium 10,SKU = ref ERP,SI,SI,"80551365, 5410288259253",Normal,"SYLVANIA 0025925 LYNX-DE SUPERIA 840 G24Q-1 SLV Lamparas, 13w",true,
80996449,80996449,B001QP53X2,,5410288210308,5410288210308,ERP,SKU = ref ERP,SI,SIN EAN EN AMAZON,"80996449, 5410288210308",Normal,,true,
80996487,80996487,B004ZUE45I,5410288210346,5410288210346,5410288210346,Helium 10,SKU = ref ERP,SI,SI,"80996487, 5410288210346",Normal,"Sylvania - Lámpara de halogenuros metálicos (150 W, Metalarc HSI-TD, 0021034, R7S, Rx7s-24)",true,
80996647,80996647,B002C6PM7Q,,5410288251516,5410288251516,ERP,SKU = ref ERP,SI,SIN EAN EN AMAZON,"80996647, 5410288251516",Normal,,true,
80997868,80997868,B09NQD2NV9,5410288295909,5410288263861,5410288295909,Helium 10,SKU = ref ERP,SI,SI (codigo secundario),"80997868, 8099786801, 5410288263861, 5410288266862, 5410288295909",Normal,Bombilla Led TOLEDO GLSE27 9.5w 4000K SYLVANIA 0029590,true,
80997872,80997872,B00J4WTI9O,,5410288269498,5410288269498,ERP,SKU = ref ERP,SI,SIN EAN EN AMAZON,"80997872, 8099787201, 5410288269498, 5410288296197",Normal,,true,
,0G-IRKR-QDCK,B07PPXDXXN,15410288013173,,,SIN DATO,SIN MATCH,NO,SIN REF ERP,,,LAMPARA Solarium Bronceado TUBO Fluorescente RAYOS UVA HERAEUS 80040467 OHC 160W-R18L 1800mm 500 Horas MEDIDA ESPECIAL SPORTARREDO (CL3 160) L (B17),true,
150000004,0O-DYPA-74IN,B094YNKM9L,5994100022008,,,SIN DATO,SIN MATCH,NO,SIN REF ERP,,,,true,
,0S-RIWB-3N24,B000UXBORU,7777777027051,,7777777027051,Helium 10,SIN MATCH,NO,SIN REF ERP,,,"Osram cebadores - Cebador st151 25er para 4-8,15,18,22w 230v",true,
1009000635,1009000635,B007WU2PMW,4050341265404,,4050341265404,Helium 10,SKU = ref ERP,SI,NO — EAN no existe en ERP,1009000635,Normal,"Osram lámpara halógena Decostar 35 – GU4, 12 V – 20 W 36 °",true,
1012000105,1012000105,B005DTV88Q,4008321977670,,4008321977670,Helium 10,SKU = ref ERP,REVISAR (SKU y EAN discrepan),NO — el EAN es de otra ref,101200010501,Normal,Osram HALOLINE ECO 64696 ECO - Lámpara halógena,true,
1110000010,1110000010,B0002LGS2G,8711500409867,8711500409867,8711500409867,Helium 10,SKU = ref ERP,SI,SI,"1110000010, 8711500409867, 8711500423306",Normal,Philips 40986750 Halógeno,true,
1110000276,1110000276,B000SIBHEW,,8711500126535,8711500126535,ERP,SKU = ref ERP,SI,SIN EAN EN AMAZON,"1110000276, 8711500126535",Normal,,true,
1110000290,1110000290,B000LQCVRI,,8711500726179,8711500726179,ERP,SKU = ref ERP,SI,SIN EAN EN AMAZON,"1110000290, 8711500638618, 8711500726179",Normal,,true,
1110000292,1110000292,B004X61LIC,,8711500726209,8711500726209,ERP,SKU = ref ERP,SI,SIN EAN EN AMAZON,"1110000292, 8711500638625, 8711500726209",Normal,,true,
1110000456,1110000456,B003Z7NBNI,,8711500903792,8711500903792,ERP,SKU = ref ERP,SI,SIN EAN EN AMAZON,"1110000456, 8711500903792",Normal,,true,
1110000466,1110000466,B00IWEJGTC,,8711500643025,8711500643025,ERP,SKU = ref ERP,SI,SIN EAN EN AMAZON,"1110000466, 8711500643025, 8711500643032",Normal,,true,
1110000577,1110000577,B00208L3U6,,8711500260260,8711500260260,ERP,SKU = ref ERP,SI,SIN EAN EN AMAZON,"1110000577, 8711500260260, 8711500260277",Normal,,true,
111011947,111011947,B000UX9VF2,,8711500011947,8711500011947,ERP,SKU = ref ERP,SI,SIN EAN EN AMAZON,"111011947, 8711500011947",Preferente,,true,
111181145,111181145,B000UXDLHQ,8711500181145,8711500181145,8711500181145,Helium 10,SKU = ref ERP,SI,SI,"111181145, 8711500181145",Normal,"Philips 18114515 Bombilla de Halogenuros Metálicos, 250 W",true,
111270496,111270496,B0019CEEUK,8711500635310,8711500635310,8711500635310,Helium 10,SKU = ref ERP,SI,SI,"111270496, 8711500635310, 8711500716002",Preferente,"Philips Bombilla PL-C G24d-3 2, 26 W",true,
111270625,111270625,B00O4496JY,,8711500710093,8711500710093,ERP,SKU = ref ERP,SI,SIN EAN EN AMAZON,"111270625, 8711500710093, 8711500867490",Preferente,,true,
111286976,111286976,B000ONWHPO,,8711500643087,8711500643087,ERP,SKU = ref ERP,SI,SIN EAN EN AMAZON,"111286976, 8711500643087",Normal,,true,
111302090,111302090,B00CJA1FYY,,8711500632135,8711500632135,ERP,SKU = ref ERP,SI,SIN EAN EN AMAZON,"111302090, 8711500632135, 8711500632142",Normal,,true,
111302182,111302182,B007JTCTR2,8711500631954,8711500631954,8711500631954,Helium 10,SKU = ref ERP,SI,SI,"111302182, 8711500631954, 8711500631961",Normal,Philips - Lámpara fluorescente master tld super 80 36w/830 slv/25,true,
111620811,111620811,B00EL82G7M,,8711500620811,8711500620811,ERP,SKU = ref ERP,SI,SIN EAN EN AMAZON,"111620811, 8711500620811, 8711500715647",Normal,,true,
111706683,111706683,B00O449IDS,,8711500706683,8711500706683,ERP,SKU = ref ERP,SI,SIN EAN EN AMAZON,"111706683, 8711500706683, 8711500710734",Normal,,true,
111761903,111761903,B006HTKYUO,,8711500639400,8711500639400,ERP,SKU = ref ERP,SI,SIN EAN EN AMAZON,"111761903, 8711500639400, 8711500867483",Preferente,,true,
111780614,111780614,B00OLU03L6,,8711500620910,8711500620910,ERP,SKU = ref ERP,SI,SIN EAN EN AMAZON,"111780614, 8711500620910, 8711500715777",Preferente,,true,
111780898,111780898,B003F1MX9M,,8711500639622,8711500639622,ERP,SKU = ref ERP,SI,SIN EAN EN AMAZON,"111780898, 8711500260031, 8711500639622",Normal,,true,
111785862,111785862,B00GWDEOH4,,8711500623348,8711500623348,ERP,SKU = ref ERP,SI,SIN EAN EN AMAZON,"111785862, 8711500623348, 8711500715906",Preferente,,true,
111785879,111785879,B00EL7CERK,,8711500620842,8711500620842,ERP,SKU = ref ERP,SI,SIN EAN EN AMAZON,"111785879, 8711500620842, 8711500715685",Normal,,true,
1162000038,1162000038,B077SVKZDM,,,,SIN DATO,SKU = ref ERP,SI,SIN EAN EN AMAZON,116200003801,Normal,,true,
1216002699,1216002699,B07FNKKBF2,,4058075110205,4058075110205,ERP,SKU = ref ERP,SI,SIN EAN EN AMAZON,"1216002699, 4058075110205, 4058075110212",Normal,,true,
1216005190,1216005190,B0CFFCHVL4,4058075822153,4058075822153,4058075822153,Helium 10,SKU = ref ERP,SI,SI,"1216005190, 4058075822153",Normal,Ledvance Dulux-L LED 18W - 840 blanco frío | repuesto para 36 W,true,
1220000003,1220000003,B01L71O6QO,,,,SIN DATO,SKU = ref ERP,SI,SIN EAN EN AMAZON,"1220000003, 4052899961166, 4052899961357",Normal,,true,
1220002329,1220002329,B074GWBGRK,,,,SIN DATO,SKU = ref ERP,SI,SIN EAN EN AMAZON,"1220002329, 4058075017900, 4058075017917",Normal,,true,
1220002940,1220002940,B07FWCYXR2,4058075135383,4058075135383,4058075135383,Helium 10,SKU = ref ERP,SI,SI,"1220002940, 4058075135383, 4058075135390",Normal,"OSRAM Dulux L | LED – Bombilla LED con Socket de 2 G11, no regulable, color blanco frío – 4000 KELVIN | 1er de Pack",true,
1220003431,1220003431,B07Z9FG489,,4058075271944,4058075271944,ERP,SKU = ref ERP,SI,SIN EAN EN AMAZON,"1220003431, 4058075271944, 4058075271951",Normal,,true,
1220003853,1220003853,B08CVPG4M6,,4058075448902,4058075448902,ERP,SKU = ref ERP,SI,SIN EAN EN AMAZON,"1220003853, 4058075448902",Normal,,true,
1220004159,1220004159,B09MG2HQ7P,,4058075608856,4058075608856,ERP,SKU = ref ERP,SI,SIN EAN EN AMAZON,"1220004159, 4058075608856",Normal,,true,
1301000811,1301000811,B07N4J8LZT,5015056625966,5015056625966,5015056625966,Helium 10,SKU = ref ERP,SI,SI,"1301000811, 5015056625966, 5015056627045, 5015056627076",Normal,"Luceco Linterna Frontal de Inspección LED con USB y Sensor de Movimiento PIR, 5 Modos de Luz, Ajustable, Recargable, Luces de Inspección, Alta Visibilidad, IK04, 3W, 150lm, 6500K, LILH15P65",true,
134002040,134002040,B00F2LULTM,,8011905183660,8011905183660,ERP,SKU = ref ERP,SI,SIN EAN EN AMAZON,"134002040, 8011905183660, 8011905708108",Normal,,true,
134006629,134006629,B00QMGLFWI,,8011905042172,8011905042172,ERP,SKU = ref ERP,SI,SIN EAN EN AMAZON,"134006629, 8011905042172, 8011905733896",Normal,,true,
1162000065,145345NW,B0H634YZH1,,,,SIN DATO,SIN MATCH,NO,SIN REF ERP,,,,true,
1162000066,145345WW,B0H6BMTTPL,8436568442655,,,SIN DATO,SIN MATCH,NO,SIN REF ERP,,,,true,
1500000488,1500000488,B002PA94DM,4008321393883,,4008321393883,Helium 10,SKU = ref ERP,REVISAR (SKU y EAN discrepan),NO — el EAN es de otra ref,150000048801,Preferente,Osram HALOLUX CERAM ECO 64404 - Lámpara halógena,true,
1500000602,1500000602,B00YMJ61EY,,,,SIN DATO,SKU = ref ERP,SI,SIN EAN EN AMAZON,150000060201,Normal,,true,
1500000631,1500000631,B07JD29CFK,,,,SIN DATO,SKU = ref ERP,SI,SIN EAN EN AMAZON,150000063101,Normal,,true,
150293172,150293172,B0001IPG1Y,,43168324168,43168324168,ERP,SKU = ref ERP,SI,SIN EAN EN AMAZON,"43168324168, 150293172",Normal,,true,
18000828,18000828,B000UXBNC6,4050300591667,,4050300591667,Helium 10,SKU = ref ERP,REVISAR (SKU y EAN discrepan),NO — el EAN es de otra ref,1800082801,Normal,"Osram LUMILUX T5 HO - Lámpara fluorescente, G5 24 W/830",true,
18000834,18000834,B008MTP1Q4,4050341262649,,4050341262649,Helium 10,SKU = ref ERP,SI,NO — EAN no existe en ERP,1800083401,Normal,Osram hal - Lámpara haloline 64690-es 80w r7s,true,
50142989,1V-YU1A-AJ5Q,B002LYYNNS,4008321945273,,4056256634748,Helium 10,SIN MATCH,NO,SIN REF ERP,,,"Osram Halopin Eco 66720, Lámpara halógena, 230 V, 20 W, G9",true,
180008451,1W-BDUV-X6G1,B0H2BPZ9HG,5901854562247,,5901854562247,Helium 10,SIN MATCH,NO,SIN REF ERP,,,"Bellight Tubo Fluorescente T8 36W | 6500K 865 Luz Fría Industrial | Casquillo G13 120cm | Iluminación de Alta Intensidad para Naves y Almacenes sustituto Osram, Philips, Sylvania y otros.",true,
,20-8JIO-S65S,B07XZ8LH9Q,,,,SIN DATO,SIN MATCH,NO,SIN REF ERP,,,"SYLVANIA Lámpara LED R7s, 15 W/2000 lúmenes, equivalente a aprox. 150 W, luz doméstica (2700 K), 12000 horas de duración, forma lineal, diámetro de 118 mm, regulable, 3 unidades",true,
1297000581,243600WW,B0H6BN6G2P,8436568447254,,,SIN DATO,SIN MATCH,NO,SIN REF ERP,,,,true,
268040143,268040143,B01F1WYQ9M,,8727900840506,8727900840506,ERP,SKU = ref ERP,SI,SIN EAN EN AMAZON,"268040143, 8727900840506, 8727900840513",Normal,,true,
268040144,268040144,B0042723ZW,8727900840537,8727900840537,8727900840537,Helium 10,SKU = ref ERP,SI,SI,"268040144, 8727900840537, 8727900840544",Preferente,TUBO FLUORESCENTE CIRCULAR 22W Ø21cm TRIFOSFORO 865K LUZ FRIA PHILIPS,true,
268040174,268040174,B09NQDFBJY,,,,SIN DATO,SKU = ref ERP,SI,SIN EAN EN AMAZON,26804017401,Normal,,true,
50101061,28-V6LZ-34CG,B00147EME8,4050300425627,4050300425627,4050300425627,Helium 10,Cruce por EAN,SOLO POR EAN,SI,"50101061, 4050300425627, 4050300425634",Normal,"Tubo fluorescente Osram DULUX T/E 42 W/840 PLUS GX24Q, lote de 1",true,
50107087,2B-JJGJ-E7D7,B002DUQ1EE,4050300518015,4050300518015,4050300518015,Helium 10,Cruce por EAN,SOLO POR EAN,SI,"50107087, 4050300518015, 4050300518022",Preferente,Radium Lampenwerk - Tubo fluorescente (NL-T8 30W/865/G13),true,
,2U-QRJ2-DG5X,B0D66VPH1M,8427227007551,,8427227007551,Helium 10,SIN MATCH,NO,SIN REF ERP,,,"CLAR - Tubos Fluorescentes UV, Bombillas Antimosquitos, Luz UV, 10 Watts T8, Pack 2",true,
,2W-Q3PQ-HDCN,B002MFPMC2,5055662106916,,5055662106916,Helium 10,SIN MATCH,NO,SIN REF ERP,,,Osram HALOPIN 66760 ECO - Lámpara halógena,true,
,3L-GKUL-HPYV,B08PS7G7MP,760939384120,,760939384120,Helium 10,SIN MATCH,NO,SIN REF ERP,,,"PACK Portalámparas casquillos GU10 para bombillas halogenas hasta 100W y bombilla led, zócalo de cerámica con cable de silicona 150mm de alta resistencia. Socket Lamp Holder Silicon Wire (10)",true,
,4O-AHGB-C9PC,B00HRTVWZE,,,,SIN DATO,SIN MATCH,NO,SIN REF ERP,,,,true,
,50-3KHM-NT43,B0776KVWYW,5060567470024,,5060567470024,Helium 10,SIN MATCH,NO,SIN REF ERP,,,"DuraBulb - Bombillas UV matamoscas (6 W, 8 W, 10 W o 15 W)",true,
50105277,50105277,B000UXH8M0,4050300517919,4050300517919,4050300517919,Helium 10,SKU con ceros,SI,SI,"50105277, 4050300517919, 4050300517926",Normal,"Osram LUMILUX T8 - Lámpara fluorescente, G13L 36 W/827",true,
,54-F2H6-6WSP,B0BYF15GMC,3282779339735,,3282779339735,Helium 10,SIN MATCH,NO,SIN REF ERP,,,Naturia Champú Micelar Lote 2 Pz,true,
50125696,55-S4FS-FOMP,B000G271PY,4008321182197,,,SIN DATO,SIN MATCH,NO,SIN REF ERP,,,,true,
1297001563,5520030CW,B0H638QZQP,8435724902958,,,SIN DATO,SIN MATCH,NO,SIN REF ERP,,,,true,
111269138,58-2WNP-6ENB,B003UDDUT2,8711500202024,8711500202024,8711500202024,Helium 10,Cruce por EAN,SOLO POR EAN,SI,"111269138, 8711500202024",Obsoleto,Bombilla de cultivo para Floración Philips SON-T PIA Green Power (600W),true,
,5N-IAGM-PAUC,B09R7PNVH1,3282770150186,,3282770150186,Helium 10,SIN MATCH,NO,SIN REF ERP,,,"TRIPHASIC PROGRESSIVE 8 x 5,5 ml",true,
50105710,65-04RI-C3QH,B001QPB3N6,4050300012803,,,SIN DATO,SIN MATCH,NO,SIN REF ERP,,,,true,
,68-7MTQ-5DJN,B01MT6I3KY,878312003626,,878312003626,Helium 10,SIN MATCH,NO,SIN REF ERP,,,"ASPECTEK Tubo de luz UV de Repuesto para matainsectos electrónico de 40 W, Paquete de 2 Unidades, Color Blanco",true,
1156000327,6D-TLUP-QFLZ,B07Q1552PF,,,,SIN DATO,SIN MATCH,NO,SIN REF ERP,,,"Pack de 6 bombillas mr16 50w gu5.3 12v,ojos de buey de bajo consumo, focos interior de larga vida, estándar casquillo gu5.3, Luz Blanca Cálida 2700K, 510 Lúmenes，por brightfour",true,
80562929,6F-PUQY-1D55,B001CBVS8Y,5410288218564,,,SIN DATO,SIN MATCH,NO,SIN REF ERP,,,,true,
,6H-100W-XPOT,B0BVG8G7VB,8436568445946,,,SIN DATO,SIN MATCH,NO,SIN REF ERP,,,,true,
50990682,6L-H045-BUPQ,B07LCNJDWX,4058075094277,4050300328201,4058075094277,Helium 10,Cruce por EAN,SOLO POR EAN,SI (codigo secundario),"50990682, 4050300328201, 4050300942193, 4058075094277, 4058075094284",Preferente,"Osram LAMP.HALOSTAR 64440S 50W 12V GY6,35 marca",true,
180008452,6M-5Y1T-2K8C,B0H2BGJ2XM,5901854562223,,5901854562223,Helium 10,SIN MATCH,NO,SIN REF ERP,,,"Bellight Tubo Fluorescente T8 18W | 6500K 865 Luz Fría Día | Casquillo G13 60cm | Ideal para Talleres, Laboratorios y Garajes sustituto Osram, Philips, Sylvania y otros.",true,
,6T-RT7D-7MCT,B075MLDGL3,8436568440279,,,SIN DATO,SIN MATCH,NO,SIN REF ERP,,,,true,
,6X-MP3B-9GMA,B08CMW3567,4062172152655,,4062172152655,Helium 10,SIN MATCH,NO,SIN REF ERP,,,Osram AirZing PRO 5040 UV-C 36W HNS - Lámpara de deshumidificación,true,
80683837,70-E73Q-TJUB,B09NQFGNM2,5410288295817,5410288266725,5410288295817,Helium 10,Cruce por EAN,SOLO POR EAN,SI (codigo secundario),"80683837, 5410288266725, 5410288295817",Preferente,Bombilla Led TOLEDO GLSE27 8w 2700K SYLVANIA 0029581,true,
50907611,74-BN97-U09M,B000SLUAZ6,4050300854045,4050300854045,4050300854045,Helium 10,Cruce por EAN,SOLO POR EAN,SI,"50907611, 4050300797878, 4050300854045",Normal,"OSRAM - LEDVANCE AB425190355 CEBADOR ST.111 DE 4 A 65 W, 36 W, Multicolor, 1 Unidad (Paquete de 1)",true,
50990200,79-1MIN-VMEH,B000O0ZWPE,4050300010755,4050300010755,4050300010755,Helium 10,Cruce por EAN,SOLO POR EAN,SI,"50990200, 4050300010755, 4050300242330",Normal,"Osram DULUX Lámpara Fluorescente compacta 2G11, 24 W, Blanco Neutro",true,
80002206,80002206,B09NQF4R5H,5410288291789,5410288274478,5410288291789,Helium 10,SKU con ceros,SI,SI (codigo secundario),"80002206, 5410288274478, 5410288291789",Preferente,Bombilla Led Refled ES50GU10 6.2w 3000K 36ºSYLVANIA 0029178,true,
80003057,80003057,B09NQF58GP,5410288292113,5410288263342,5410288292113,Helium 10,SKU con ceros,SI,SI (codigo secundario),"80003057, 5410288263342, 5410288292113",Preferente,Bombilla Led Refled R80E27 V4 8w 3000KSYLVANIA 0029211,true,
80003304,80003304,B09NQGPJH4,5410288291222,5410288299587,5410288291222,Helium 10,SKU con ceros,SI,SI (codigo secundario),"80003304, 5410288291222, 5410288299587",Normal,Bombilla Led Refled Superia retroGU10 7.3w 3000K SYLVANIA 0029122,true,
,83-N8WR-SJ7A,B0CQ5FDHK4,4751029893741,,4751029893741,Helium 10,SIN MATCH,NO,SIN REF ERP,,,Thorgeon 05211 Lámpara halógena CERAM CR-T 150W E14 T13 2870Lm h70mm,true,
,8O-NIU7-GAW0,B01B57CVJY,4251136300113,,4251136300113,Helium 10,SIN MATCH,NO,SIN REF ERP,,,EXCELITAS PE300BFA PERKIN ELMER PE300BF,true,
1162000249,902715NW,B0H6BVJ912,8436568444512,,,SIN DATO,SIN MATCH,NO,SIN REF ERP,,,,true,
,902715WW,B0H6BM1DTD,8436568442099,,8436568442099,Helium 10,SIN MATCH,NO,SIN REF ERP,,,LDVlighting Bombilla LED R90 Casquillo E27 15W Reflectora | Luz Cálida 3000K 1350 Lumenes | Ángulo De Haz 100 Grados | Foco Reflector Profesional Para Interior,true,
,92-3JGD-OYZ4,B0H3LWPXJC,5901854562322,,,SIN DATO,SIN MATCH,NO,SIN REF ERP,,,,true,
,927977880093,B07PMT3T5K,,,,SIN DATO,SIN MATCH,NO,SIN REF ERP,,,LAMPARA Solarium 140W Bronceado TUBO Fluorescente RAYOS UVA SUPRATAN 140W/R 2% (140W/10R) 1500mm 800 horas.,true,
50109690,99-RJM2-RXOF,B0016PLPM0,4008321161864,,,SIN DATO,SIN MATCH,NO,SIN REF ERP,,,,true,
111269138,9W-S8YM-N9PE,B015T9P1K0,8711500202024,8711500202024,8711500202024,Helium 10,Cruce por EAN,SOLO POR EAN,SI,"111269138, 8711500202024",Obsoleto,PHILIPS GREEN POWER SODIO 600 W - BOMBILLA HPS,true,
,ABC123,B0869632X5,8431938013275,,8431938013275,Helium 10,SIN MATCH,NO,SIN REF ERP,,,RENE FURTERER TRIPHASIC PROGRESIVE TRATAMIENTO ANTICAIDA 5.5 ML 8 FRASCOS,true,
111761828,AK-SB30-DLE0,B000KPWSV4,8711500623324,8711500623324,8711500623324,Helium 10,Cruce por EAN,SOLO POR EAN,SI,"111761828, 8711500623324, 8711500715739",Normal,"Philips 62332470 Lámpara Fluorescente Compacta, 13 W, 840, 4P",true,
50140299,AL-6APG-K2PF,B0057RAZGK,4008321394965,,,SIN DATO,SIN MATCH,NO,SIN REF ERP,,,,true,
,AP-F4Z5-RZX1,B07Y8SRT54,3282770202410,,3282770202410,Helium 10,SIN MATCH,NO,SIN REF ERP,,,Rene Furterer Style Vegetal Finishing Spray 300 Ml 1 Unidad 300 ml,true,
150101933,B0010649S2,B0010649S2,43168345309,43168345309,43168345309,Helium 10,Cruce por EAN,SOLO POR EAN,SI,"43168345309, 150101933",Obsoleto,Ge lighting ARCSTREAM - Lampara descarga arc70/uvc/td/730/rx7s,true,
50101634,B3-F79S-YZ34,B000SIDDZS,4050300442334,4050300442334,4050300442334,Helium 10,Cruce por EAN,SOLO POR EAN,SI,"50101634, 4050300442334, 4050300442341",Normal,"Osram Lamps Balasto Electrónico, Halotronic - Compact HTM, HTN, HTM 105/230-240",true,
,B5-OTTO-HSOE,B08PRTWXBG,760939384151,,760939384151,Helium 10,SIN MATCH,NO,SIN REF ERP,,,"PACK X 50 Portalámparas casquillos GU10 para bombillas halogenas hasta 100W y bombilla led, zócalo de cerámica con cable de silicona 150mm de alta resistencia.",true,
500000004,B6-RBL7-TE4T,B074SXCJBB,4050300012407,4050300012407,4050300012407,Helium 10,Cruce por EAN,SOLO POR EAN,SI,"500000004, 4050300012407",Normal,OSRAM ESB 64250 HLX (10 unidades),true,
,B7-F1KP-O75B,B001CC8O2Q,4050300647258,,4050300647258,Helium 10,SIN MATCH,NO,SIN REF ERP,,,"OSRAM Lámpara para interior/posición/lectura OSRAM ORIGINAL, BA9S 12V 5w, 2 unidades",true,
123000477,BA-547I-DC4W,B07KX68MXJ,8436004394593,,8436004394593,Helium 10,SIN MATCH,NO,SIN REF ERP,,,Beneito Faure. Bombilla Led R-63 220-240v 8w 2700k 60º GU10. 721 Lumen. Equivale a 75w 50.000 Horas. 63 X 50mm.,true,
,BB-2W3E-A5VP,B0176HXPUQ,,,,SIN DATO,SIN MATCH,NO,SIN REF ERP,,,,true,
,BB-C39J-VU12,B0CCDDWTYW,4058075576209,,4058075576209,Helium 10,SIN MATCH,NO,SIN REF ERP,,,"Osram Halostar Starlite 64415 S - Lote de 10 bombillas halógenas (10 W, 12 V, G4, 2800 K, intensidad regulable, 130 lúmenes)",true,
,BD-P4SA-8XDE,B0786YF74J,5060567470086,,5060567470086,Helium 10,SIN MATCH,NO,SIN REF ERP,,,"DuraBulb - Bombillas UV matamoscas (6 W, 8 W, 10 W o 15 W)",true,
80003909,BE-HUEY-YKZM,B0719M82SJ,5410288276366,5410288276366,5410288276366,Helium 10,Cruce por EAN,SOLO POR EAN,SI,"80003909, 5410288276366",Normal,"Sylvania GU10 lámpara LED tecnología, W/blanco, 11 – 11,5 x 6,5 x 11 cm",true,
,BU-H7KX-R1ZI,B08N6Z5TYS,,,,SIN DATO,SIN MATCH,NO,SIN REF ERP,,,,true,
,BZ-LAIW-HSHG,B08PSSVZB4,760939384144,,760939384144,Helium 10,SIN MATCH,NO,SIN REF ERP,,,"PACK X 30 Portalámparas casquillos GU10 para bombillas halogenas hasta 100W y bombilla led, zócalo de cerámica con cable de silicona 150mm de alta resistencia.",true,
180008451,CB-3FQU-TIO5,B0H2BK9CD4,5901854562247,,5901854562278,Helium 10,SIN MATCH,NO,SIN REF ERP,,,"Bellight Pack 25x Tubo Fluorescente T8 36W | 6500K 865 Luz Fría Industrial | Casquillo G13 120cm | Iluminación de Alta Intensidad para Naves y Almacenes sustituto Osram, Philips, Sylvania y otros",true,
50903927,CS-ART8-PG7U,B07PH2JX84,4058075094215,4050300335162,4058075094215,Helium 10,Cruce por EAN,SOLO POR EAN,SI (codigo secundario),"50903927, 4050300335162, 4050300942384, 4058075094215, 4058075094222",Preferente,64425 S AX 20 W 12 V G4 FS1 Osram 6 unidades,true,
111621009,CS-WABU-ZQZB,B009XIHKEE,8711500621009,8711500621009,8711500621009,Helium 10,Cruce por EAN,SOLO POR EAN,SI,"111621009, 8711500621009, 8711500715968",Preferente,"Philips Master - Bombilla (PL-C 2P, 26 W, G24d-3, 840)",true,
50005218,D4-BWS9-NAOT,B000SLUEL6,4050300025759,4050300025759,4050300025759,Helium 10,Cruce por EAN,SOLO POR EAN,SI,"50005218, 4050300025759, 4050300258010",Normal,1906_Lamps_LED,true,
50142408,D8-3V8T-VQ2E,B002PA52Q0,4008321393807,4008321393807,4008321393807,Helium 10,Cruce por EAN,SOLO POR EAN,SI,"50142408, 4008321393807, 4008321393814",Normal,"Halolux Ceram B15d 205 W, transparente 64499 Eco – OSRAM",true,
,DD-IHJ8-FXHB,B00370SK1Q,43168432740,,,SIN DATO,SIN MATCH,NO,SIN REF ERP,,,,true,
,DH-FEG9-J4F0,B0CQCY5ZN4,8435611447906,,8435611447906,Helium 10,SIN MATCH,NO,SIN REF ERP,,,"Deshumidificador 20 litros, programador digital, control de humedad, ideal para espacios cerrados y prevención de moho.",true,
1009001011,E7-6ZWL-WMWK,B01MU834SI,878312003619,,878312003619,Helium 10,SIN MATCH,NO,SIN REF ERP,,,"ASPECTEK Foco de Repuesto UV para insecticida AC220, 240 V 10 W, Paquete de 2",true,
,EF-W74X-H5B3,B01GDAXD72,,,,SIN DATO,SIN MATCH,NO,SIN REF ERP,,,,true,
,EL-Q8TL-OAFT,B00654WG7U,4008321977656,,4008321977656,Helium 10,SIN MATCH,NO,SIN REF ERP,,,"OSRAM Lineal Bombilla, R7s, 120 watts, Trasparente, 1 Unidad",true,
1110000077,EP-7LJR-OBNB,B07LBDL5YK,,,,SIN DATO,SIN MATCH,NO,SIN REF ERP,,,,true,
,ER-VTG4-KQB2,B09RKF7NBV,4058075590236,,,SIN DATO,SIN MATCH,NO,SIN REF ERP,,,,true,
,F8-237U-LMV7,B099X8F45H,8714681116494,,8714681116494,Helium 10,SIN MATCH,NO,SIN REF ERP,,,Dr Fischer HS900-930 6V 4.5A P44s,true,
50134762,FQ-XWOD-XN24,B001QTXJLQ,4008321204547,4008321204547,4008321204547,Helium 10,Cruce por EAN,SOLO POR EAN,SI,"50134762, 4008321204547",Normal,"Osram Halopin Eco - Lámpara (33W, G9, 460 lm, C, 230V)",true,
50107094,FS-MZWI-OWCR,B000UXFGTC,4050300518039,4050300518039,4050300518039,Helium 10,Cruce por EAN,SOLO POR EAN,SI,"50107094, 4050300518039, 4050300518046",Normal,Osram fl - Lámpara lumilux l30/840 30w diámetro 26mm,true,
,FU-SFJO-M5HL,B01NCB4EOQ,733353372806,,,SIN DATO,SIN MATCH,NO,SIN REF ERP,,,,true,
50116713,GK-JMD3-EP8J,B072LP1N2G,4050300507132,4050300507132,4050300507132,Helium 10,Cruce por EAN,SOLO POR EAN,SI,"50116713, 4050300507132",Normal,OSRAM HBO 50W AC L1 Mercury Lámpara de descarga de arco corto,true,
111179906,H9-I5L6-UJVS,B00C66U02Y,8711500179906,8711500179906,8711500179906,Helium 10,Cruce por EAN,SOLO POR EAN,SI,"111179906, 8711500179906",Normal,Philips HPI-T Plus 400 W E40 400 W,true,
50119122,HC-EVTI-GLRQ,B000UXBNC6,4050300591667,4050300591667,4050300591667,Helium 10,Cruce por EAN,SOLO POR EAN,SI,"50119122, 4050300591667, 4050300591674",Normal,"Osram LUMILUX T5 HO - Lámpara fluorescente, G5 24 W/830",true,
50142996,HE-BSD8-JSE1,B003AQPZYC,4008321945334,4008321945334,4008321945334,Helium 10,Cruce por EAN,SOLO POR EAN,SI,"50142996, 4008321945334, 4008321945341",Preferente,Osram 66748 ECO Lámpara halógena Halopin ECO,true,
50107704,HT-2WCK-MD3J,B000ONIE4M,4050300308081,4050300308081,4050300308081,Helium 10,Cruce por EAN,SOLO POR EAN,SI,"50107704, 4050300308081, 4050300942339",Normal,Osram 64418 - Bombilla Halógena 12v 10w 2800k G4. 450ºC. 140 Lumen. 33 x 10mm,true,
50119020,HY-51UL-KPU9,B000ONL1J2,4050300591469,4050300591469,4050300591469,Helium 10,Cruce por EAN,SOLO POR EAN,SI,"50119020, 4050300591469, 4050300591476",Normal,"Osram LUMILUX T5 HE - Lámpara fluorescente, 35 W/830",true,
,HY-PUNU-IN1P,B00QVKLL38,8711500404886,,8711500404886,Helium 10,SIN MATCH,NO,SIN REF ERP,,,LAMPARA/BOMBILLA UV DUV 35 - F101 P32D MICRODESCARGA PHILIPS/LABINO para usar en Standard MPXL y SuperXenon MPXL,true,
,IK-7PMR-GTYH,B08F5KXZRP,7432131093003,,7432131093003,Helium 10,SIN MATCH,NO,SIN REF ERP,,,"Bluex Bulbs Paquete de 2 bombillas de repuesto para matamburos de 10 W para zapper electrónico de insectos T8 de 20 W, bombilla de repuesto para matador de insectos",true,
,IN-SY3B-8WS3,B08BFW55YL,4751029893444,,4751029893444,Helium 10,SIN MATCH,NO,SIN REF ERP,,,"Thorgeon CERAM - Bombilla (casquillo E27, 150 W, 240 V, 2780 lm, transparente)",true,
,IQ-HPPI-PGYP,B010Q5RPK6,849818827542,,,SIN DATO,SIN MATCH,NO,SIN REF ERP,,,,true,
,IQ-JL1Y-IMPD,B07L31R79X,4058075156203,,4058075156203,Helium 10,SIN MATCH,NO,SIN REF ERP,,,"OSRAM SubstiTUBE Value Lote de 10 x Tubo Led G13, Largo 603 mm, 7,60 W, 18 W Equivalente a, 4000 K, 1-Pack, Blanco frío",true,
50990248,IS-2VSW-UPK6,B000ONJIG0,4050300010793,4050300010793,4050300010793,Helium 10,Cruce por EAN,SOLO POR EAN,SI,"50990248, 4050300010793, 4050300242248",Normal,"Osram 10793 Dulux 830/2G11FS-Lámpara Fluorescente compacta (36 W), Blanco, 1",true,
150111679,J2-RHZ2-UKL0,B000YELSGM,43168121842,,,SIN DATO,SIN MATCH,NO,SIN REF ERP,,,,true,
80003585,JF-1ODE-SEU6,B07Y3X2DSS,5410288393483,,,SIN DATO,SIN MATCH,NO,SIN REF ERP,,,,true,
500000004,JI-1UE7-YZ2S,B0179ZJY0K,4050300012407,,,SIN DATO,SIN MATCH,NO,SIN REF ERP,,,"Osram - Bombillas halógenas 6V, 20W, G4 - 64250 HLX - Lote de 5 unidades",true,
80571684,JL-6767-EF30,B00WU83S1S,5410288028057,5410288028057,5410288028057,Helium 10,Cruce por EAN,SOLO POR EAN,SI,"80571684, 5410288028057",Normal,Sylvania fho - Lámpara fluorescente fho luxline plus 54w/827 t5,true,
1110000010,JM-KW71-PWBC,B00YEZRM4O,4050300299228,,4050300299228,Helium 10,SIN MATCH,NO,SIN REF ERP,,,Osram 64250 20 W bombilla halógena,true,
,JR-A0O7-378U,B07B6JCYYF,5060567470109,,5060567470109,Helium 10,SIN MATCH,NO,SIN REF ERP,,,"DuraBulb - Bombillas UV matamoscas (6 W, 8 W, 10 W o 15 W)",true,
50905006,JU-4ABH-DN8A,B01MSRTXH2,4050300327235,4050300327235,4050300327235,Helium 10,Cruce por EAN,SOLO POR EAN,SI,"50905006, 4050300327235, 4050300327242",Normal,Osram Dulux D/E 26W/830 Bombilla de bajo consumo,true,
50990231,JV-VYSY-N9BJ,B005JITPD6,4050300010786,4050300010786,4050300010786,Helium 10,Cruce por EAN,SOLO POR EAN,SI,"50990231, 4050300010786, 4050300242224",Preferente,OSRAM DULUX L 36W 010786,true,
50130146,K0-3JJI-DT9O,B00157QJTS,4008321208668,4008321208668,4008321208668,Helium 10,Cruce por EAN,SOLO POR EAN,SI,"50130146, 4008321208668, 4052899262546",Preferente,"Osram 66733, Bombilla halógena (Halopin Pro), G9 35W",true,
111295542,K2-SUJD-ZJQE,B003NWTIV4,8711500615923,,,SIN DATO,SIN MATCH,NO,SIN REF ERP,,,,true,
50105420,K7-EM0O-0QM3,B000YEL6O6,4050300577630,4050300577630,4050300577630,Helium 10,Cruce por EAN,SOLO POR EAN,SI,"50105420, 4050300577630",Obsoleto,Osram Lámpara de Descarga,true,
500000021,KJ-UUQG-4IFR,B0711LMWMK,4050300006727,4050300006727,4050300006727,Helium 10,Cruce por EAN,SOLO POR EAN,SI,"500000021, 4050300006727",Normal,"Osram 54263 lámpara halógena, 24 voltios, 150 vatios",true,
111323125,KP-OIG6-QNN5,B003EROVVU,8711500575203,8711500575203,8711500575203,Helium 10,Cruce por EAN,SOLO POR EAN,SI,"111323125, 8711500575203, 8727900209310",Normal,Philips - Ir150Rh Red Br125 E27 230-250V 1Ct/10,true,
,KR-KTOU-AAX6,B001EEZVW8,4050300890999,,4050300890999,Helium 10,SIN MATCH,NO,SIN REF ERP,,,"Osram 64250 HLX - Lámpara (20 W, 100 h, 460 LM)",true,
111182524,KW-O49Z-FA4Z,B00C66U0YC,8711500182524,8711500182524,8711500182524,Helium 10,Cruce por EAN,SOLO POR EAN,SI,"111182524, 8711500182524",Normal,LAMP.IODURI HPI PLUS 400W/645 BU E40 HPI400BU,true,
1162000207,L116N300,B0H63B8PRM,,,,SIN DATO,SIN MATCH,NO,SIN REF ERP,,,,true,
,L2-ZRB4-10LS,B01K2FDSJM,,,,SIN DATO,SIN MATCH,NO,SIN REF ERP,,,,true,
150293226,L4-OUBX-WFCI,B002BG99RG,43168324229,43168324229,43168324229,Helium 10,Cruce por EAN,SOLO POR EAN,SI,"43168324229, 150293226",Obsoleto,Ge lighting 2D WATT-MISER - Lampara biax 2d 16w gr10q 827/4pin,true,
,LJ-O6OW-BRQR,B01EHZWLAU,,,,SIN DATO,SIN MATCH,NO,SIN REF ERP,,,,true,
50149599,LS-7WV7-SFPF,B0039P9MH0,4050300564944,4050300564944,4050300564944,Helium 10,Cruce por EAN,SOLO POR EAN,SI,"50149599, 4050300564944, 4050300564951",Normal,Osram cflni - Lámpara dulux d/e 18w/865 g24q-2 10x1,true,
50005317,MI-GTO5-YC6R,B000ONL8YA,4050300010618,4050300010618,4050300010618,Helium 10,Cruce por EAN,SOLO POR EAN,SI,"50005317, 4050300010618, 4050300239507",Normal,1906_Lamps_LED,true,
50128808,MI-L622-FBPR,B0058ICN9K,4008321207715,4008321207715,4008321207715,Helium 10,Cruce por EAN,SOLO POR EAN,SI,"50128808, 4008321207715, 4008321207722",Preferente,"Halógeno (64702 ECO 400 W, 230 V, R7S, 117 mm de largo – OSRAM",true,
50137800,MK-HV23-ATRS,B00HQJZEM2,4008321928092,4008321928092,4008321928092,Helium 10,Cruce por EAN,SOLO POR EAN,SI,"50137800, 4008321327772, 4008321928092",Preferente,"5 varillas halógenas 64695, 120 W, 230 V, R7S Osram",true,
150110026,MM-AAQ5-80LT,B0038XFCJK,43168932691,43168932691,43168932691,Helium 10,Cruce por EAN,SOLO POR EAN,SI,"43168932691, 150110026",Normal,Ge lighting LUCALOX - Lampara xo-x-tra 400w e40 clara,true,
180008453,MX-YRIY-A5LL,B0H3M7HLMP,5901854562308,,,SIN DATO,SIN MATCH,NO,SIN REF ERP,,,,true,
111269880,MZ-ZRGG-Y4T7,B0014DRS6Q,8711500544926,8711500544926,8711500544926,Helium 10,Cruce por EAN,SOLO POR EAN,SI,"111269880, 8711500544926, 8711500544933",Obsoleto,Master TL-D Xtreme 18W/830 SLV,true,
,N5-18R0-W1U0,B0CFXVBB9W,4008321154415,,4008321154415,Helium 10,SIN MATCH,NO,SIN REF ERP,,,OSRAM HALOGENA LINEAL ECO 64695 CORTA 78mm 120w,true,
1009001011,N9-6GB4-M630,B07KQ99CXL,8433696431063,,8433696431063,Helium 10,SIN MATCH,NO,SIN REF ERP,,,Tubo Fluorescente para matamoscas eléctrico UV T8 10W BL 328mm (AH83),true,
50105307,N9-LFOB-REZ1,B007JTAD0W,4050300517964,,4050300517964,Helium 10,SIN MATCH,NO,SIN REF ERP,,,"Osram l58840 Tubo Fluorescente, Vidrio, Blanco Frío, G13, 58 W",true,
50140299,ND-HRLN-09EU,B005FG6LHA,4008321394965,,,SIN DATO,SIN MATCH,NO,SIN REF ERP,,,,true,
710133308,NH-B9MC-J385,B01N2QYCY6,8427238064260,8427238064260,8427238064260,Helium 10,Cruce por EAN,SOLO POR EAN,SI,"710133308, 8427238064260",Obsoleto,Niessen zenit - Marco 1 módulo zenit blanco,true,
500000150,NK-IGTQ-SUP0,B00BF9QBHQ,4008321468741,,4008321468741,Helium 10,SIN MATCH,NO,SIN REF ERP,,,"Osram lighting 4.0083214687e+012 - Lámpara halogena 64744 cargas pesadas/71 1000w 240v gx9,5",true,
,NK-PL5F-6EFM,B07H9TZNV9,,,,SIN DATO,SIN MATCH,NO,SIN REF ERP,,,"LEDme-Placa Circular LED Downlight Panel Superslim Plafón Extraplano Empotrable SMD 2835, 20w 4000k Blanco Natural, 2000lm 120°",true,
,NM-JB6I-3VT5,B09MJ3Q4N5,3282779305969,,3282779305969,Helium 10,SIN MATCH,NO,SIN REF ERP,,,Triphasic Reaccional Tratamiento Anticaída 12 x 5 ml,true,
50119097,NV-0ARK-JZC2,B000UXH8HK,4050300591605,4050300591605,4050300591605,Helium 10,Cruce por EAN,SOLO POR EAN,SI,"50119097, 4050300591605, 4050300591612",Normal,"Osram LUMILUX T5 HO - Lámpara fluorescente, G5 54 W/830, 1 unidad",true,
50170029,NW-PEDT-YM14,B00BF9NEXK,4008321703576,4008321703576,4008321703576,Helium 10,Cruce por EAN,SOLO POR EAN,SI,"50170029, 4008321703576, 4008321703583",Normal,"OSRAM 66740 Bombilla, G9, 40 watts, Trasparente, 1 Unidad",true,
180008424,OE-I2TL-699A,B0H2BJ8ZFX,5903089802426,,5903089802426,Helium 10,SIN MATCH,NO,SIN REF ERP,,,"Bellight Tubo Fluorescente T8 36W | 4000K 840 Blanco Neutro | G13 120cm | Iluminación de Alta Potencia para Oficinas y Comercios sustituto Osram, Philips, Sylvania y otros.",true,
,OG-Q7WN-QSZP,B08CS2N6XW,8414580028682,,8414580028682,Helium 10,SIN MATCH,NO,SIN REF ERP,,,"Bacterisan Germosan Nor Bp3 60ml, Desinfectante Multiusos De Triple Acción, Elimina Virus, Gérmenes Y Bacterias De Todo Tipo De Objetos Superficies Y Textiles, Bacterisan 60 ml",true,
111284843,OT-ZYSC-VUBR,B00H50KHSS,8711500697691,,8711500697691,Helium 10,SIN MATCH,NO,SIN REF ERP,,,Philips - S10 4-65W SIN 220-240V WH/20X25BOX,true,
,P1-AV98-C6XM,B078719LSW,5060567470093,,5060567470093,Helium 10,SIN MATCH,NO,SIN REF ERP,,,"DuraBulb - Bombillas UV matamoscas (6 W, 8 W, 10 W o 15 W)",true,
,P2-N3DF-3TAG,B077KP1MP9,5060567470048,,5060567470048,Helium 10,SIN MATCH,NO,SIN REF ERP,,,"DuraBulb - Bombillas UV matamoscas (6 W, 8 W, 10 W o 15 W)",true,
150109911,PC-R40N-57RX,B003T2EPKM,,,,SIN DATO,SIN MATCH,NO,SIN REF ERP,,,,true,
,PJ-W3VI-TB40,B01EHZVLNS,,,,SIN DATO,SIN MATCH,NO,SIN REF ERP,,,,true,
,PY-GKP4-EY3W,B00B48EGGG,653703701752,,653703701752,Helium 10,SIN MATCH,NO,SIN REF ERP,,,"Sunlite EVW 250 W/MR16/82 V/CL/GY5.3 250 vatios 82 voltios Bi-Pin Based Stage and Studio MR16 Foco, transparente",true,
1220004098,Q2-HGYX-MEHF,B0CBVPBY7R,4099854037498,,4099854037498,Helium 10,SIN MATCH,NO,SIN REF ERP,,,Ledvance Tubo LED T8 Superior (EM/Mains) High Output 9.7W 1700lm – 865 luz blanca diurna | 90 cm – Repuesto para 30 W,true,
,Q4-X57I-V6HP,B088DV8GZC,,,,SIN DATO,SIN MATCH,NO,SIN REF ERP,,,HEALLILY 5Pcs Botella de Spray Vacía Contenedor de Spray Recargable Pulverizador de Niebla Fina Atomizador Cosmético Botella para Limpiar Solución de Perfume,true,
50903965,QG-FBYE-4RAU,B07G96VXB8,4050300308050,4050300308050,4050300308050,Helium 10,Cruce por EAN,SOLO POR EAN,SI,"50903965, 4050300308050, 4050300942322",Normal,Osram 64428 Halostar Oven G4 Hornos 300ºC 12V 20W,true,
1220000045,QQ-2CUI-PBCE,B007K50V98,4008321111593,4008321111593,4008321111593,Helium 10,Cruce por EAN,SOLO POR EAN,SI,"1220000045, 4008321111593, 4008321111609",Normal,OSRAM LEDVANCE ET PARROT 70/220−240 I,true,
,QQ-7TI0-2KVE,B075NLGQLK,8436568441023,,,SIN DATO,SIN MATCH,NO,SIN REF ERP,,,,true,
180008424,QU-ZM1Z-EBN5,B0H2BT8JMR,5903089813392,,,SIN DATO,SIN MATCH,NO,SIN REF ERP,,,,true,
,R5-8YI2-E48L,B004HLC3TO,793573488466,,,SIN DATO,SIN MATCH,NO,SIN REF ERP,,,,true,
50116205,R6-UABI-J2JK,B000UXBC5E,4050300382128,4050300382128,4050300382128,Helium 10,Cruce por EAN,SOLO POR EAN,SI,"50116205, 4050300382128",Normal,"OSRAM HBO 103 W/2, lámpara de descarga de alta presión, lámpara de arco corto de mercurio sin reflector, caja plegable (1 pieza)",true,
1110000005,RG-7CKF-EDTG,B000KTU2Q8,8711500409898,,,SIN DATO,SIN MATCH,NO,SIN REF ERP,,,,true,
,RT-OLDW-XWI3,B0CCVJFKYB,4058075725300,,4058075725300,Helium 10,SIN MATCH,NO,SIN REF ERP,,,"Osram Halostar Starlite 64415 S - Lámpara halógena de 10 W, 12 V, G4, luz blanca cálida, 2800 Kelvin, regulable, 130 lúmenes, 5 unidades",true,
150110989,S3-SJYC-PDSA,B003ZWX83Q,43168215145,,,SIN DATO,SIN MATCH,NO,SIN REF ERP,,,,true,
,S4-5CLR-KOHO,B00E0LU564,8470003485654,,8470003485654,Helium 10,SIN MATCH,NO,SIN REF ERP,,,ACOFAR - ALCOHOL 96 ACOFAR 250ML,true,
80004366,S6-EAP6-ABSG,B000SLUEJI,5410288251448,5410288251448,5410288251448,Helium 10,Cruce por EAN,SOLO POR EAN,SI,"80004366, 5410288251448",Normal,Osram cflni - Lámpara dulux d/e 26w/840 g24q-3,true,
,SG-3GAY-HW05,B0776HGJB3,5060567470017,,5060567470017,Helium 10,SIN MATCH,NO,SIN REF ERP,,,"DuraBulb - Bombillas UV matamoscas (6 W, 8 W, 10 W o 15 W)",true,
123000605,SG-Z66M-QO7U,B0B8TD2GZC,8427227800923,,8427227800923,Helium 10,SIN MATCH,NO,SIN REF ERP,,,"CLAR - Tubos Fluorescentes UV, Bombilla Antimosquitos Ultravioleta, Lamparas Luz UV, Lampara de Luz Ultravioleta 43,7 x 2,6 cm (15 Watts T8, Pack 2)",true,
,SP-YDWW-SESE,B01EI5U2X2,,,,SIN DATO,SIN MATCH,NO,SIN REF ERP,,,,true,
,SQ-JW4F-PLCS,B002MPEH5U,43168386982,,,SIN DATO,SIN MATCH,NO,SIN REF ERP,,,,true,
,SW-I9Z4-BNY2,B08PSPV32J,760939384137,,760939384137,Helium 10,SIN MATCH,NO,SIN REF ERP,,,"PACK Portalámparas casquillos GU10 para bombillas halogenas hasta 100W y bombilla led, zócalo de cerámica con cable de silicona 150mm de alta resistencia. Socket Lamp Holder Silicon Wire (20)",true,
,SW-KUCW-OQ5U,B09ZDTM8FC,4046949312879,,4046949312879,Helium 10,SIN MATCH,NO,SIN REF ERP,,,"LAMPARA Solarium RUBINO Bronceado + COLAGENO TUBO Fluorescente RAYOS UVA COSMEDICO 31287Cosmofit+ RUBINO R27 160W-R 0,8B 1760mm 800 horas (100-R 31/3,1) Shoplamp…",true,
,TB-QGV6-6J1J,B07BNFJZ22,4050300506715,,,SIN DATO,SIN MATCH,NO,SIN REF ERP,,,,true,
50990231,TG-YMT5-Y2LX,B000ONJIEC,4050300010786,4050300010786,4050300010786,Helium 10,Cruce por EAN,SOLO POR EAN,SI,"50990231, 4050300010786, 4050300242224",Preferente,Osram Dulux L - Lámpara 36w/840 lumilux 2g11,true,
,TI-LJGI-7BO6,B000YL8Y8A,43168961790,,,SIN DATO,SIN MATCH,NO,SIN REF ERP,,,,true,
,TQ-0BD9-WO35,B07F3FF11R,4046949306366,,4046949306366,Helium 10,SIN MATCH,NO,SIN REF ERP,,,Lampara Solarium Bronceado Tubo Fluorescente RAYOS UVA COSMEDICO 30636 Cosmofit 100W-R,true,
,TS-XLK7-VJE3,B000EHVQ0C,772040362171,,772040362171,Helium 10,SIN MATCH,NO,SIN REF ERP,,,"Osram 64250 HLX - Lámpara (20W, 460 lm, 100h, 1,17g, 23 x 70 x 25 mm, 1 pieza(s))",true,
,TT-47RB-BFRX,B084KZ2YF3,4046949312862,,4046949312862,Helium 10,SIN MATCH,NO,SIN REF ERP,,,"LAMPARA Solarium RUBINO Bronceado + COLAGENO TUBO Fluorescente RAYOS UVA COSMEDICO 31286 Cosmofit+ RUBINO R27 100W-R 0,8B 1760mm 800 horas (100-R 27/2,7) Shoplamp",true,
50990125,U4-M4KV-MRUD,B000N5QB8W,4050300012049,4050300012049,4050300012049,Helium 10,Cruce por EAN,SOLO POR EAN,SI,"50990125, 4050300012049, 4050300245386",Preferente,OSRAM - Bombilla bajo consumo pines 26W/840 G24d-3 luz neutra fría,true,
,UI-2TO0-B06M,B07F3CQW5M,4046949306182,,4046949306182,Helium 10,SIN MATCH,NO,SIN REF ERP,,,Lampara Solarium Bronceado Tubo Fluorescente RAYOS UVA COSMEDICO 30618 Cosmofit 160W-R,true,
180008450,UL-CZRO-RGS9,B0H2BGBCK3,5901854562230,,5901854562230,Helium 10,SIN MATCH,NO,SIN REF ERP,,,"Bellight Tubo Fluorescente T8 18W | 4000K 840 Blanco Neutro | Casquillo G13 | 60cm Iluminación Profesional para Oficinas, Cocinas y Comercios sustituto Osram, Philips, Sylvania y otros.",true,
80584301,UM-DGS7-A46Q,B004P1DFW0,5410288019659,5410288019659,5410288019659,Helium 10,Cruce por EAN,SOLO POR EAN,SI,"80584301, 5410288019659",Normal,Sylvania 0001965 - Tubo fluorescente circular 32W/865 Tr,true,
268040169,UZ-NKMW-2TSA,B07D5BD1FM,,,,SIN DATO,SIN MATCH,NO,SIN REF ERP,,,LAMPARA Solarium Bronceado TUBO Fluorescente RAYOS UVA SYLVANIA 0071234 Puresun 160W-R 1760mm 1000 Horas,true,
80000802,V0-I8DV-XKTV,B01N28XM4E,5410288532967,5410288532967,5410288532967,Helium 10,Cruce por EAN,SOLO POR EAN,SI,"80000802, 5410288532967, 5410288538815, 5410288539270, 5410288551920",Normal,Sylvania sylflat - Downlight 1400lm cuadrado 4000k,true,
180008452,V6-ZFAA-I2JI,B0H2BMYB4B,5901854562254,,,SIN DATO,SIN MATCH,NO,SIN REF ERP,,,,true,
50005645,VR-HCU0-F535,B000N5MVC2,4050300010625,4050300010625,4050300010625,Helium 10,Cruce por EAN,SOLO POR EAN,SI,"50005645, 4050300010625, 4052899239500",Normal,"Osram G24d-1 Dulux D13W/870 - Bombilla fluorescente compacta, luz blanca fría (13 W)",true,
150100683,W0-4O8H-6LXP,B00370NOQC,5021731324536,,,SIN DATO,SIN MATCH,NO,SIN REF ERP,,,,true,
50133413,W0-CZ3B-QLA5,B002IH789O,4008321285256,,,SIN DATO,SIN MATCH,NO,SIN REF ERP,,,,true,
180008450,W3-BZJP-RQ72,B0H2B3M8PM,5901854562261,,,SIN DATO,SIN MATCH,NO,SIN REF ERP,,,,true,
50154685,WJ-1Y2F-GUBE,B0024WR0YG,4050300486987,4050300486987,4050300486987,Helium 10,Cruce por EAN,SOLO POR EAN,SI,"50154685, 4050300486987, 4050300486994",Normal,"Osram Bombilla de bajo Consumo con 2 Tubos, Casquillo de 2 Pines para operar ECC G24d-3, 26 W, Blanco, 1 Unidad",true,
50151738,WS-87FN-YQ18,B005CTINHG,4008321325662,4008321325662,4008321325662,Helium 10,Cruce por EAN,SOLO POR EAN,SI,"50151738, 4008321325662, 4008321325679",Normal,"Osram LUMILUX T5 EL - Lámpara fluorescente, G5L 6 W/840",true,
,WV-2N35-SU8L,B00STQH1WC,8711500697882,,8711500697882,Helium 10,SIN MATCH,NO,SIN REF ERP,,,Philips Ecoclick S2 - Set de 25 motores de arranque rápido para lámpara fluorescente de 4-22 W,true,
,WY-4Y9N-MQRX,B0053OEURM,,,,SIN DATO,SIN MATCH,NO,SIN REF ERP,,,,true,
,X3-XLUJ-DI3S,B07JXSS1M8,7323190043651,,,SIN DATO,SIN MATCH,NO,SIN REF ERP,,,,true,
50128808,X7-X6OM-TW9L,B0058ICN9K,4008321207715,4008321207715,4008321207715,Helium 10,Cruce por EAN,SOLO POR EAN,SI,"50128808, 4008321207715, 4008321207722",Preferente,"Halógeno (64702 ECO 400 W, 230 V, R7S, 117 mm de largo – OSRAM",true,
500000135,XE-20OJ-GF91,B000BN6KG4,4050300289977,4050300289977,4050300289977,Helium 10,Cruce por EAN,SOLO POR EAN,SI,"500000135, 4050300289977",Obsoleto,"Osram 64502 150W - Lámpara (150 W, 3400 LM, 4000 K)",true,
,XG-NCL0-0Z5L,B01HQ8I906,4052899158269,,4052899158269,Helium 10,SIN MATCH,NO,SIN REF ERP,,,Osram lighting 4.0528991583e+012 - Lámpara 64686 halo 650w 230v gy9.5,true,
111193452,XH-8HIS-8LVC,B001BCX90Y,8711500193452,8711500193452,8711500193452,Helium 10,Cruce por EAN,SOLO POR EAN,SI,"111193452, 8711500193452, 8711500195937",Obsoleto,MASTER SON PIA Plus 400W/220 E40 1SL/12,true,
50108138,XJ-EZVQ-0BOV,B000UXBO66,4050300008974,4050300008974,4050300008974,Helium 10,Cruce por EAN,SOLO POR EAN,SI,"50108138, 4050300008974, 4050300229515",Normal,"Lámpara fluorescente L 13 W 020 – 640 blanco neutral estándar, Osram",true,
,XM-W4UL-ESH1,B07PBZ236G,,,,SIN DATO,SIN MATCH,NO,SIN REF ERP,,,CEBADOR Lampara Solarium Bronceado Tubo Fluorescente RAYOS UVA PHILIPS 90379226 BODYTONE S12 115-140W,true,
,XQ-HTBX-4RBU,B0786H9P7T,5060567470055,,5060567470055,Helium 10,SIN MATCH,NO,SIN REF ERP,,,"DuraBulb - Bombillas UV matamoscas (6 W, 8 W, 10 W o 15 W)",true,
1110000287,XV-PC40-F6K4,B000YL5GLS,8711500623645,8711500623645,8711500623645,Helium 10,Cruce por EAN,SOLO POR EAN,SI,"1110000287, 8711500623645, 8711500623669",Normal,Philips 62364527 Lámpara,true,
,Y1-1Z5P-5AIT,B07TRNMLZF,8431938006659,,8431938006659,Helium 10,SIN MATCH,NO,SIN REF ERP,,,Rene Furterer Tratamiento Anticaida Cabello Rene Triphasic Reaccional 12Ampollas - 1 unidad,true,
50905198,Y6-TVFO-HM5T,B000ONJGRG,4050300018423,4050300018423,4050300018423,Helium 10,Cruce por EAN,SOLO POR EAN,SI,"50905198, 4050300018423",Obsoleto,Osram Dulux L 18W/954 Lámpara fluorescente compacta,true,
500000035,YC-CQDM-NC3L,B000WL9F8K,4050300252421,,,SIN DATO,SIN MATCH,NO,SIN REF ERP,,,,true,
50903903,YH-466W-N5YI,B00F9BRTYK,4058075094178,4050300335087,4058075094178,Helium 10,Cruce por EAN,SOLO POR EAN,SI (codigo secundario),"50903903, 4050300335087, 4050300942377, 4058075094178, 4058075094185",Normal,"Osram Halostar Starlite - Bombilla halógena G4 (12 V, 10 W, 145 lm, 2800 K, 11 kWh/1000 h, EEK C), color blanco",true,
90011056,YJ-Y6VK-25Z9,B01N6E0WDE,8435110435121,,,SIN DATO,SIN MATCH,NO,SIN REF ERP,,,,true,
,YY-THDS-7JZH,B0CRV7G4DM,4058075094253,,,SIN DATO,SIN MATCH,NO,SIN REF ERP,,,,true,
80002111,Z5-99XQ-56T7,B01N3AC9I7,5410288532974,,,SIN DATO,SIN MATCH,NO,SIN REF ERP,,,,true,
,ZD-LC4W-0R3C,B07D5H5YLF,5410288712017,,5410288712017,Helium 10,SIN MATCH,NO,SIN REF ERP,,,1 unidad Lampara Solarium Bronceado Tubo Fluorescente RAYOS UVA SYLVANIA 0071201 Puresun 100W-R 800 Horas,true,
1000139,1000139,B0CTJ5R9SP,,8434559178941,8434559178941,ERP,SKU = ref ERP,SI,SIN EAN EN AMAZON,"100013901, 8434559178941, 8435579762554",Normal,,true,
17110544,17110544,B01NBHC5QY,,3303430216285,3303430216285,ERP,SKU = ref ERP,SI,SIN EAN EN AMAZON,"17110544, 23303430216289, 3303430216285",Obsoleto,,true,
50113877,50113877,B0016PKP7Q,,4008321049629,4008321049629,ERP,SKU = ref ERP,SI,SIN EAN EN AMAZON,"50113877, 4008321049629, 4008321049636",Normal,,true,
50116205,50116205,B000UXBC5E,4050300382128,4050300382128,4050300382128,Helium 10,SKU = ref ERP,SI,SI,"50116205, 4050300382128",Normal,"OSRAM HBO 103 W/2, lámpara de descarga de alta presión, lámpara de arco corto de mercurio sin reflector, caja plegable (1 pieza)",true,
50116671,50116671,B07BNFJZ22,,4050300506715,4050300506715,ERP,SKU = ref ERP,SI,SIN EAN EN AMAZON,"50116671, 4050300506715",Obsoleto,,true,
50116713,50116713,B072LP1N2G,4050300507132,4050300507132,4050300507132,Helium 10,SKU = ref ERP,SI,SI,"50116713, 4050300507132",Normal,OSRAM HBO 50W AC L1 Mercury Lámpara de descarga de arco corto,true,
50119020,50119020,B000ONL1J2,4050300591469,4050300591469,4050300591469,Helium 10,SKU = ref ERP,SI,SI,"50119020, 4050300591469, 4050300591476",Normal,"Osram LUMILUX T5 HE - Lámpara fluorescente, 35 W/830",true,
50119085,50119085,B000UXH8H0,4050300591582,4050300591582,4050300591582,Helium 10,SKU = ref ERP,SI,SI,"50119085, 4050300591582, 4050300591599",Normal,"Osram LUMILUX T5 HO - Lámpara fluorescente, G5 54 W/840, 20 unidades",true,
50119268,50119268,B0018LCDZU,,4050300646152,4050300646152,ERP,SKU = ref ERP,SI,SIN EAN EN AMAZON,"50119268, 4050300646152, 4050300646169",Normal,,true,
50119366,50119366,B0018LJD12,,4050300796758,4050300796758,ERP,SKU = ref ERP,SI,SIN EAN EN AMAZON,"50119366, 4008321110671, 4050300796758",Normal,,true,
50120441,50120441,B0016PFSPK,,4008321908629,4008321908629,ERP,SKU = ref ERP,SI,SIN EAN EN AMAZON,"50120441, 4008321908629",Obsoleto,,true,
50122520,50122520,B002IH789O,,4050300854595,4050300854595,ERP,SKU = ref ERP,SI,SIN EAN EN AMAZON,"50122520, 4050300854595",Obsoleto,,true,
50129621,50129621,B003AFXTJ6,4050300941226,4050300941226,4050300941226,Helium 10,SKU = ref ERP,SI,SI,"50129621, 4050300941226",Normal,Osram lighting hns - Lámpara germicidas puritec hns 9w g23,true,
50139033,50139033,B007HIXY3S,4008321678386,4008321149671,4008321678386,Helium 10,SKU = ref ERP,SI,SI (codigo secundario),"50139033, 4008321149671, 4008321678386, 4008321678393",Preferente,"Osram Lámparas de Descarga de Óptima Presión Powerstar HQI-TS Excellence, MH Tecnología de Cuarzo Luminarias Cerradas, HQI-TS 150W/NDL/Excel. RX7S-24 , 1 Pieza",true,
50140909,50140909,B002G1LXT8,,4008321944559,4008321944559,ERP,SKU = ref ERP,SI,SIN EAN EN AMAZON,"50140909, 4008321944559",Obsoleto,,true,
50143009,50143009,B002MFPMC2,5055662106916,4008321945372,5055662106916,Helium 10,SKU = ref ERP,SI,NO — EAN no existe en ERP,"50143009, 4008321945372, 4008321945389",Normal,Osram HALOPIN 66760 ECO - Lámpara halógena,true,
50143955,50143955,B003ASOFIC,4008321378316,4008321378316,4008321378316,Helium 10,SKU = ref ERP,SI,SI,"50143955, 4008321378316",Normal,"OSRAM Puritec HNS 4 W G5, lámpara fluorescente, esterilización con luz ultravioleta, lámpara de desinfección con luz ultravioleta, lámpara ultravioleta, desinfección de aire, agua y superficie, caja plegable (1 pieza)",true,
50144006,50144006,B003QN2JOS,,4008321384935,4008321384935,ERP,SKU = ref ERP,SI,SIN EAN EN AMAZON,"50144006, 4008321384935",Normal,,true,
50149599,50149599,B0039P9MH0,4050300564944,4050300564944,4050300564944,Helium 10,SKU = ref ERP,SI,SI,"50149599, 4050300564944, 4050300564951",Normal,Osram cflni - Lámpara dulux d/e 18w/865 g24q-2 10x1,true,
50150335,50150335,B005JHMCGO,,4008321581068,4008321581068,ERP,SKU = ref ERP,SI,SIN EAN EN AMAZON,"50150335, 4008321581068, 4008321581075",Normal,,true,
80002161,80002161,B09NQDLVPH,,5410288266329,5410288266329,ERP,SKU = ref ERP,SI,SIN EAN EN AMAZON,"80002161, 5410288266329, 5410288295916",Normal,,true,
80003363,80003363,B09NQFFLTV,,5410288283463,5410288283463,ERP,SKU = ref ERP,SI,SIN EAN EN AMAZON,"80003363, 5410288283463, 5410288296340",Normal,,true,
80005634,80005634,B09NQDPLW2,,5410288284361,5410288284361,ERP,SKU = ref ERP,SI,SIN EAN EN AMAZON,"80005634, 5410288284361, 5410288296333",Normal,,true,
90008105,90008105,B00V4PLRQG,,8435110429441,8435110429441,ERP,SKU = ref ERP,SI,SIN EAN EN AMAZON,"90008105, 8435110429441",Normal,,true,
111001991,111001991,B01NBTGWZT,8718696646106,8718696646106,8718696646106,Helium 10,SKU = ref ERP,SI,SI,"111001991, 8718696646106, 8718696646113",Normal,Philips 64610600 - Mastercolour cdm-t mw eco 360w/842 e40,true,
712124629,712124629,B000ONY3MO,4011377125452,4011377125452,4011377125452,Helium 10,SKU = ref ERP,SI,SI,"712124629, 4011377125452",Normal,"JUNG A590AL Tecla Simple, Duroplástico Lacado, Aluminio",true,
712177251,712177251,B000ONWSSA,,,,SIN DATO,SKU = ref ERP,SI,SIN EAN EN AMAZON,71217725101,Normal,,true,
500000044,0Q-Y9SL-SZ5H,B0053HIZ4S,4050300006789,4050300006789,4050300006789,Helium 10,Cruce por EAN,SOLO POR EAN,SI,"500000044, 4050300006789",Normal,"OSRAM 64607 EFM 50W 8V, lámpara halógena con reflector MR16, lámpara médica, caja plegable (1 pieza)",true,
1110000535,1110000535,B0030B0M04,,8711500869708,8711500869708,ERP,SKU = ref ERP,SI,SIN EAN EN AMAZON,"1110000535, 8711500869708, 8711500869715",Normal,,true,
111010382,111010382,B08289X3RC,8718696813355,8718696813355,8718696813355,Helium 10,SKU con ceros,SI,SI,"111010382, 8718696813355",Normal,Corepro LEDspot 730lm GU10 840 60D,true,
111013552,111013552,B000ONUWMY,8711500013552,8711500013552,8711500013552,Helium 10,SKU = ref ERP,SI,SI,"111013552, 8711500013552",Normal,"Philips Lámpara lineal (35 W, 1-S14D, 1 casquillo, mate)",true,
111179890,111179890,B00JJRF212,,8711500179890,8711500179890,ERP,SKU = ref ERP,SI,SIN EAN EN AMAZON,"111179890, 8711500179890",Normal,,true,
111266696,111266696,B000KPU1VI,,8711500260796,8711500260796,ERP,SKU = ref ERP,SI,SIN EAN EN AMAZON,"111266696, 8711500260796",Normal,,true,
111270046,111270046,B007TF3RE0,,8711500559739,8711500559739,ERP,SKU = ref ERP,SI,SIN EAN EN AMAZON,"111270046, 8711500559739",Normal,,true,
111302083,111302083,B007JTCWEM,,8711500632197,8711500632197,ERP,SKU = ref ERP,SI,SIN EAN EN AMAZON,"111302083, 8711500632197, 8711500632203",Preferente,,true,
111302144,111302144,B00JJXX380,8711500631787,8711500631770,8711500631787,Helium 10,SKU = ref ERP,SI,SI (codigo secundario),"111302144, 8711500631770, 8711500631787",Preferente,Philips Tubo fluorescente 865 de luz diurna de 18 W T8 de 600 mm,true,
111702531,111702531,B000ONISOS,,8711500702531,8711500702531,ERP,SKU = ref ERP,SI,SIN EAN EN AMAZON,"111702531, 8711500702531, 8711500888372",Obsoleto,,true,
111750617,111750617,B000LXXT54,,8711500697509,8711500697509,ERP,SKU = ref ERP,SI,SIN EAN EN AMAZON,"111750617, 8711500697509, 8711500698391, 8711500764959",Preferente,,true,
111750648,111750648,B00ABKYMHQ,8711500697745,8711500697691,8711500697745,Helium 10,SKU = ref ERP,SI,NO — EAN no existe en ERP,"111750648, 8711500697691, 8711500698407, 8711500764997",Preferente,"Philips M286352 - Cebador fluorescente s-10 4-65w, 1 paquete con 25 uds",true,
111780836,111780836,B000UXFI9U,,8711500639585,8711500639585,ERP,SKU = ref ERP,SI,SIN EAN EN AMAZON,"111780836, 8711500639585, 8711500867759",Normal,,true,
1216006186,1216006186,B0DGGR95K9,,4099854235320,4099854235320,ERP,SKU = ref ERP,SI,SIN EAN EN AMAZON,"1216006186, 4099854235320",Normal,,true,
134014257,134014257,B01BU4HCCS,,8011905818197,8011905818197,ERP,SKU con ceros,SI,SIN EAN EN AMAZON,"134014257, 8011905818197",Normal,,true,
50143955,15-3SJT-8COP,B003ASOFIC,4008321378316,4008321378316,4008321378316,Helium 10,Cruce por EAN,SOLO POR EAN,SI,"50143955, 4008321378316",Normal,"OSRAM Puritec HNS 4 W G5, lámpara fluorescente, esterilización con luz ultravioleta, lámpara de desinfección con luz ultravioleta, lámpara ultravioleta, desinfección de aire, agua y superficie, caja plegable (1 pieza)",true,
1500000158,1500000158,B0CJ33V6ZY,,,,SIN DATO,SKU = ref ERP,SI,SIN EAN EN AMAZON,1500000158,Normal,,true,
18000788,18000788,B000UXFGCY,4050300591643,,4050300591643,Helium 10,SKU = ref ERP,REVISAR (SKU y EAN discrepan),NO — el EAN es de otra ref,1800078801,Normal,"Osram LUMILUX T5 HO - Lámpara fluorescente, G5 24 W/840",true,
18000805,18000805,B003H4URO0,4008321067210,,4008321067210,Helium 10,SKU = ref ERP,SI,NO — EAN no existe en ERP,1800080501,Normal,Osram lumilux t5 - Lámpara fluorescente l 13w/840 flh1,true,
18000827,18000827,B000ONJIEC,4050300010786,,4050300010786,Helium 10,SKU = ref ERP,REVISAR (SKU y EAN discrepan),NO — el EAN es de otra ref,1800082701,Normal,Osram Dulux L - Lámpara 36w/840 lumilux 2g11,true,
180008430,180008430,B000LCN5UE,,,,SIN DATO,SKU = ref ERP,SI,SIN EAN EN AMAZON,18000843001,Normal,,true,
,2C-Q8GK-62ZU,B07JZWMC6K,3282770114522,,3282770114522,Helium 10,SIN MATCH,NO,SIN REF ERP,,,Rene Furterer Rene Okara Color Masque Pompe 200 ml - 200 ml,true,
50119051,3B-96ZV-FUPB,B000UXH7XU,4050300591520,4050300591520,4050300591520,Helium 10,Cruce por EAN,SOLO POR EAN,SI,"50119051, 4050300591520, 4050300591537",Normal,"Osram LUMILUX T5 HE - Lámpara fluorescente, 14 W/830, 20 unidades",true,
1220002388,3J-LKEM-00BN,B074H3RDTT,4058075815650,4058075815650,4058075815650,Helium 10,Cruce por EAN,SOLO POR EAN,SI,"1220002388, 4058075815650, 4058075815667",Normal,"Osram 4058075815650 A+, bombilla LED, cristal, 6,9 W, GU10, blanco, 5,1 x 5,1 x 5,5 cm",true,
1220003905,4M-O6LK-EQ5L,B09J5GXCZ3,4058075438637,,,SIN DATO,SIN MATCH,NO,SIN REF ERP,,,,true,
50119070,50119070,B000N10PR4,,4050300591568,4050300591568,ERP,SKU con ceros,SI,SIN EAN EN AMAZON,"50119070, 4050300591568, 4050300591575",Normal,,true,
50154685,50154685,B08DDD6N3X,4050300486987,4050300486987,4050300486987,Helium 10,SKU con ceros,SI,SI,"50154685, 4050300486987, 4050300486994",Normal,DULUX D 26w 865 OSRAM,true,
50150700,5A-4784-CEJL,B0049OFX2S,4008321581143,4008321581143,4008321581143,Helium 10,Cruce por EAN,SOLO POR EAN,SI,"50150700, 4008321581143, 4008321581150",Normal,"Osram Lumilux - Casquillo para lámpara fluorescente, L 32W/ 840, blanco frío, circular, 2100 lm, 9000 h",true,
50119085,5H-VEKA-A52L,B000UXH8H0,4050300591582,4050300591582,4050300591582,Helium 10,Cruce por EAN,SOLO POR EAN,SI,"50119085, 4050300591582, 4050300591599",Normal,"Osram LUMILUX T5 HO - Lámpara fluorescente, G5 54 W/840, 20 unidades",true,
50105314,5O-GW8D-BLKW,B007JTAD0W,4050300517964,,4050300517964,Helium 10,SIN MATCH,NO,SIN REF ERP,,,"Osram l58840 Tubo Fluorescente, Vidrio, Blanco Frío, G13, 58 W",true,
719019533,719019533,B00UCM2BBW,,,,SIN DATO,SKU con ceros,SI,SIN EAN EN AMAZON,71901953301,Normal,,true,
80015019,80015019,B0015M0N5O,,5410288015019,5410288015019,ERP,SKU con ceros,SI,SIN EAN EN AMAZON,"80015019, 5410288015019",Normal,,true,
80670592,80670592,B09NQGB3QP,,5410288269351,5410288269351,ERP,SKU con ceros,SI,SIN EAN EN AMAZON,"80670592, 5410288269351, 5410288293677",Normal,,true,
,82-0YUW-X2KD,B000P2670U,3282779014021,,,SIN DATO,SIN MATCH,NO,SIN REF ERP,,,,true,
50119366,8F-4YRS-UVBW,B0018LJD12,4050300796758,,,SIN DATO,SIN MATCH,NO,SIN REF ERP,,,,true,
,8N-T3SG-YECB,B00KRE6K3K,3921343037386,,3921343037386,Helium 10,SIN MATCH,NO,SIN REF ERP,,,Genuine WHIRLPOOL tipo 15 W T-click T25 nevera lámpara bombilla,true,
1220004097,91-6EOA-0ER7,B0BGQN28DV,4058075611757,,,SIN DATO,SIN MATCH,NO,SIN REF ERP,,,,true,
50119030,A5-A07I-21PN,B002UOIFYW,4050300591483,4050300591483,4050300591483,Helium 10,Cruce por EAN,SOLO POR EAN,SI,"50119030, 4050300591483, 4050300591490",Normal,Osram FH 28W/830,true,
50005188,AE-KEOL-N8EC,B000SLR0DG,4050300006130,,,SIN DATO,SIN MATCH,NO,SIN REF ERP,,,,true,
1220004098,AJ-22NB-FIGJ,B0CBVPBY7R,4099854037498,,4099854037498,Helium 10,SIN MATCH,NO,SIN REF ERP,,,Ledvance Tubo LED T8 Superior (EM/Mains) High Output 9.7W 1700lm – 865 luz blanca diurna | 90 cm – Repuesto para 30 W,true,
111322883,BB-LH21-YB6V,B00YQX8X6A,8711500263254,8711500263254,8711500263254,Helium 10,Cruce por EAN,SOLO POR EAN,SI,"111322883, 8711500263254, 8711500263261",Normal,Philips Lámpara fluorescente 18 W actinic G13 BL 18 W/10 SLV/25,true,
1220002354,C5-XS43-QXBU,B073D5SMLQ,4058075027077,,,SIN DATO,SIN MATCH,NO,SIN REF ERP,,,,true,
50128792,CD-DALG-GQQO,B00HYYZ4LK,4008321207692,4008321207692,4008321207692,Helium 10,Cruce por EAN,SOLO POR EAN,SI,"50128792, 4008321207692, 4008321207708",Preferente,10 unidades de varillas halógenas 64701 230 W 230 V R7S Osram,true,
1220002388,D1-JHTZ-LWLS,B074H3RDTT,4058075815650,4058075815650,4058075815650,Helium 10,Cruce por EAN,SOLO POR EAN,SI,"1220002388, 4058075815650, 4058075815667",Normal,"Osram 4058075815650 A+, bombilla LED, cristal, 6,9 W, GU10, blanco, 5,1 x 5,1 x 5,5 cm",true,
50116713,EF-SWE2-YFPT,B072LP1N2G,4050300507132,4050300507132,4050300507132,Helium 10,Cruce por EAN,SOLO POR EAN,SI,"50116713, 4050300507132",Normal,OSRAM HBO 50W AC L1 Mercury Lámpara de descarga de arco corto,true,
,F5-P8YS-SOGW,B095ZFCMZG,3282770207446,,,SIN DATO,SIN MATCH,NO,SIN REF ERP,,,,true,
1009001011,FBAE7-6ZWL-WMWK,B01MU834SI,878312003619,,878312003619,Helium 10,SIN MATCH,NO,SIN REF ERP,,,"ASPECTEK Foco de Repuesto UV para insecticida AC220, 240 V 10 W, Paquete de 2",true,
50006208,GV-F8R7-ZS1G,B007K4YIBG,4050300024264,,,SIN DATO,SIN MATCH,NO,SIN REF ERP,,,,true,
,H4-C5MF-ZA8D,B000P24FA4,8857177264290,,8857177264290,Helium 10,SIN MATCH,NO,SIN REF ERP,,,Rene Furterer Triphasic Vht+ Serum - 5.5 ml (3282779244596),true,
500000054,HF-H3C9-F398,B00CLDDHZY,4050300006826,4050300006826,4050300006826,Helium 10,Cruce por EAN,SOLO POR EAN,SI,"500000054, 4050300006826",Normal,Osram ELC lamp MR16 250w 24v GX53 3400k Halogen Light Bulb,true,
,I8-NBHB-RWOG,B08HN8DMRP,,,,SIN DATO,SIN MATCH,NO,SIN REF ERP,,,"Sylvania Bombilla LED estandar E27 230V 14W 827, equivalente a 100W en incandescente 1.521 lúmenes, luz cálida Toledo GlS V5 0027968 (Clase energética A+) 13W",true,
50112347,I8-UB1I-8RIU,B001ES0D5Y,4050300553900,4050300553900,4050300553900,Helium 10,Cruce por EAN,SOLO POR EAN,SI,"50112347, 4050300553900, 4050300553917",Normal,DULUX L 55W/865 2G11,true,
50905372,IF-43CB-2M38,B007K4YJ92,4050300295879,4050300295879,4050300295879,Helium 10,Cruce por EAN,SOLO POR EAN,SI,"50905372, 4050300295879, 4050300295886",Normal,OSRAM Lampe fluorescente DULUX L 55 Watts/840 Culot 2G11 4800 lm,true,
1220003529,IK-1FZ9-X3AC,B07YSN15YG,4058075292598,4058075292598,4058075292598,Helium 10,Cruce por EAN,SOLO POR EAN,SI,"1220003529, 4058075292598, 4058075292604",Normal,"Osram Lámpara LED , Casquillo: E27 , Warm White , 2700 K , 13 W , Reemplazo por 100 W Incandescent Bulb , Mate , Parathom Classic A DIM [Clase de Eficiencia Energética A+]",true,
50143955,IO-T8HI-1QOA,B003ASOFIC,4008321378316,4008321378316,4008321378316,Helium 10,Cruce por EAN,SOLO POR EAN,SI,"50143955, 4008321378316",Normal,"OSRAM Puritec HNS 4 W G5, lámpara fluorescente, esterilización con luz ultravioleta, lámpara de desinfección con luz ultravioleta, lámpara ultravioleta, desinfección de aire, agua y superficie, caja plegable (1 pieza)",true,
50904979,JT-5IQ1-FH9R,B00HVCVE1E,4050300017617,4050300017617,4050300017617,Helium 10,Cruce por EAN,SOLO POR EAN,SI,"50904979, 4050300017617, 4050300326030",Normal,10 pcs Dulux DE 18 Watt 840 840840 4 P G24q-2 Bombillas - Osram,true,
50119268,K2-1LDO-7I81,B0018LCDZU,4050300646152,,,SIN DATO,SIN MATCH,NO,SIN REF ERP,,,,true,
,K8-C4QT-3EO2,B07BHKWHVZ,,,,SIN DATO,SIN MATCH,NO,SIN REF ERP,,,OSRAM 64627 HLX EFP N° 1 Lamp. 100W 12V GZ6.35 Halógeno dicroico para fotografía,true,
1216005046,KJ-766V-WIGG,B0C3DNMMSP,4058075823198,4058075823198,4058075823198,Helium 10,Cruce por EAN,SOLO POR EAN,SI,"1216005046, 4058075823198",Normal,LEDVANCE DULUX PL-C/Dulux-D D/E LED LED 9 W - 840 Blanco frío | Sustitución 13 W,true,
1220002354,L2-Y34Q-4HT7,B073D5SMLQ,4058075027077,,,SIN DATO,SIN MATCH,NO,SIN REF ERP,,,,true,
,N3-BL0R-GV98,B000SIDFAG,608603298772,,,SIN DATO,SIN MATCH,NO,SIN REF ERP,,,,true,
50118986,QX-R94Z-IYIO,B07H2YR2KL,4050300591384,4050300591384,4050300591384,Helium 10,Cruce por EAN,SOLO POR EAN,SI,"50118986, 4050300591384, 4050300591391",Preferente,FLUORESCENTE T5 14W/840 HE,true,
50905686,T2-V0RB-RIWD,B00CTB7AJW,4050300342245,,,SIN DATO,SIN MATCH,NO,SIN REF ERP,,,,true,
50119213,TU-C8G1-18YP,B0018LEAYM,4050300645957,4050300645957,4050300645957,Helium 10,Cruce por EAN,SOLO POR EAN,SI,"50119213, 4050300645957, 4050300645964",Normal,"Osram- Lámpara fluorescente T5 FH 21 W, 827 HE",true,
50107049,U0-38R2-GYXC,B000VG824E,405030044602,,,SIN DATO,SIN MATCH,NO,SIN REF ERP,,,,true,
50144006,U9-P1O2-BC4K,B003QN2JOS,4008321384935,,,SIN DATO,SIN MATCH,NO,SIN REF ERP,,,,true,
500000046,UE-F14V-ZFQA,B000BN6KFA,8715693052527,,8715693052527,Helium 10,SIN MATCH,NO,SIN REF ERP,,,"Osram lighting 64627hlx - Lámpara 64627 hlx 100w 12v gz6,35 fs1",true,
111286926,UQ-CX30-KX99,B0019C8P6O,8711500635143,,,SIN DATO,SIN MATCH,NO,SIN REF ERP,,,,true,
,VB-XJZS-ROI0,B08N6WWPRB,3282770140866,,3282770140866,Helium 10,SIN MATCH,NO,SIN REF ERP,,,Rene tonucia serum 75ml,true,
80001500,VY-U9KR-5OX8,B0016PO01S,5410288001500,,,SIN DATO,SIN MATCH,NO,SIN REF ERP,,,,true,
50905198,W4-KBBW-6BP8,B000ONJGRG,4050300018423,4050300018423,4050300018423,Helium 10,Cruce por EAN,SOLO POR EAN,SI,"50905198, 4050300018423",Obsoleto,Osram Dulux L 18W/954 Lámpara fluorescente compacta,true,
1216004903,WD-IYN2-87LT,B0CBVQR1XV,4099854038204,,,SIN DATO,SIN MATCH,NO,SIN REF ERP,,,,true,
50139033,WK-MMM3-SQ1Q,B007HIXY3S,4008321678386,4008321149671,4008321678386,Helium 10,Cruce por EAN,SOLO POR EAN,SI (codigo secundario),"50139033, 4008321149671, 4008321678386, 4008321678393",Preferente,"Osram Lámparas de Descarga de Óptima Presión Powerstar HQI-TS Excellence, MH Tecnología de Cuarzo Luminarias Cerradas, HQI-TS 150W/NDL/Excel. RX7S-24 , 1 Pieza",true,
1110000293,WL-LNTO-ORB2,B006D7LYOU,8711500618542,8711500618542,8711500618542,Helium 10,Cruce por EAN,SOLO POR EAN,SI,"1110000293, 8711500618542, 8711500618559",Normal,Philips TUV TL 36 UV-C - Lámpara de tubo fluorescente germicida purificadora de estanque,true,
268040145,XM-8SXD-KRK1,B0051A5SCE,8727900840551,8727900840551,8727900840551,Helium 10,Cruce por EAN,SOLO POR EAN,SI,"268040145, 8727900840551, 8727900840568",Preferente,TUBO FLUORESCENTE CIRCULAR 32W Ø30cm TRIFOSFORO 865K LUZ FRIA PHILIPS,true,
50101641,ZT-SAO6-S9FL,B0010W2EAQ,4050300442310,4050300442310,4050300442310,Helium 10,Cruce por EAN,SOLO POR EAN,SI,"50101641, 4050300442310, 4050300442327",Normal,"Osram Lamps Balasto Electrónico, Halotronic - Compact HTM, HTN, HTM 70/230-240",true,
