"Marketplace ID","Merchant ID","Order Date","Transaction Type","Is Invoice Corrected","Order ID","Shipment Date","Shipment ID","Transaction ID",ASIN,SKU,Quantity,"Tax Calculation Date","Tax Rate","Product Tax Code",Currency,"Tax Type","Tax Calculation Reason Code","Tax Reporting Scheme","Tax Collection Responsibility","Tax Address Role","Jurisdiction Level","Jurisdiction Name","OUR_PRICE Tax Inclusive Selling Price","OUR_PRICE Tax Amount","OUR_PRICE Tax Exclusive Selling Price","OUR_PRICE Tax Inclusive Promo Amount","OUR_PRICE Tax Amount Promo","OUR_PRICE Tax Exclusive Promo Amount","SHIPPING Tax Inclusive Selling Price","SHIPPING Tax Amount","SHIPPING Tax Exclusive Selling Price","SHIPPING Tax Inclusive Promo Amount","SHIPPING Tax Amount Promo","SHIPPING Tax Exclusive Promo Amount","GIFTWRAP Tax Inclusive Selling Price","GIFTWRAP Tax Amount","GIFTWRAP Tax Exclusive Selling Price","GIFTWRAP Tax Inclusive Promo Amount","GIFTWRAP Tax Amount Promo","GIFTWRAP Tax Exclusive Promo Amount","Seller Tax Registration","Seller Tax Registration Jurisdiction","Buyer Tax Registration","Buyer Tax Registration Jurisdiction","Buyer Tax Registration Type","Buyer E Invoice Account Id","Invoice Level Currency Code","Invoice Level Exchange Rate","Invoice Level Exchange Rate Date","Converted Tax Amount","VAT Invoice Number","Invoice Url","Export Outside EU","Ship From City","Ship From State","Ship From Country","Ship From Postal Code","Ship From Tax Location Code","Ship To City","Ship To State","Ship To Country","Ship To Postal Code","Ship To Location Code","Return Fc Country","Is Amazon Invoiced","Original VAT Invoice Number","Invoice Correction Details","E-Invoice Delivery Status","E-Invoice Error Code","E-Invoice Error Description","E-Invoice Status Last Updated Date","EInvoice URL","Buyer Peppol Id","Seller Peppol Id","Buyer NIP","Seller NIP","KSeF Number"
GB,1097380268002,"10-Mar-2026 UTC",SHIPMENT,FALSE,203-8953586-5949142,"11-Mar-2026 UTC",26090876321039,26090876321039,B0FN4XNGFB,"MENTO 001 - UK",1,"10-Mar-2026 UTC",0.0000,A_FOOD_GEN,GBP,VAT,Taxable,VCS_EU_OSS,Seller,ShipTo,Country,"UNITED KINGDOM",129.99,0.00,129.99,0.00,0.00,0.00,6.39,0.00,6.39,0.00,0.00,0.00,0.00,0.00,0.00,0.00,0.00,0.00,ESB42892893,ES,,,,,,0.0000,,0.00,ES60003H3GY9DU,"https://sellercentral.amazon.co.uk/document/download?v=urn%3aalx%3adoc%3a9d8cab0f-1f96-4462-8642-ace99a371392%3a2f5cfa44-fea4-4a1d-993c-af8f134af10e&t=EU_Retail_Forward",false,"ALCALA DE HENARES",MADRID,ES,28801,807240000,Belfast,,GB,"BT10 0DH",,,true,,,,,,,,,,,,
GB,1097380268002,"09-Mar-2026 UTC",SHIPMENT,FALSE,206-6485689-5928312,"10-Mar-2026 UTC",26088358838039,26088358838039,B0FXBQZMGR,DW-1GX9-RKIG,4,"09-Mar-2026 UTC",0.0000,A_FOOD_GEN,GBP,VAT,Taxable,,Seller,ShipFrom,Country,SPAIN,183.84,0.00,183.84,0.00,0.00,0.00,10.82,0.00,10.82,0.00,0.00,0.00,0.00,0.00,0.00,0.00,0.00,0.00,ESB42892893,ES,,,,,,0.0000,,0.00,ES60000Y3GY9DS,"https://sellercentral.amazon.co.uk/document/download?v=urn%3aalx%3adoc%3a9d8cab0f-1f96-4462-8642-ace99a371392%3aaa17e8d1-3f11-4a78-8d68-229009bb5c8d&t=EU_Retail_Forward",true,"ALCALA DE HENARES",MADRID,ES,28801,807240000,WEMBLEY,,GB,"HA9 8JU",808260000,,true,,,,,,,,,,,,
GB,1097380268002,"12-Mar-2026 UTC",SHIPMENT,FALSE,203-6651555-1016316,"13-Mar-2026 UTC",26104399452039,26104399452039,B0FXBQZMGR,DW-1GX9-RKIG,1,"12-Mar-2026 UTC",0.0000,A_FOOD_GEN,GBP,VAT,Taxable,DEEMED_RESELLER,Marketplace,ShipFrom,Country,SPAIN,45.96,0.00,45.96,0.00,0.00,0.00,7.50,0.00,7.50,0.00,0.00,0.00,0.00,0.00,0.00,0.00,0.00,0.00,ESB42892893,ES,,,,,,0.0000,,0.00,ES60000E3GY9DD,"https://sellercentral.amazon.co.uk/document/download?v=urn%3aalx%3adoc%3a9d8cab0f-1f96-4462-8642-ace99a371392%3a80583dca-9c6a-44e8-bcf8-948e71321d65&t=EU_Retail_Forward",true,"ALCALA DE HENARES",MADRID,ES,28801,807240000,"SHEPTON MALLET",Somerset,GB,"BA4 6AN",808260000,,true,,,,,,,,,,,,
GB,1097380268002,"03-Mar-2026 UTC",SHIPMENT,FALSE,205-0779968-4223569,"04-Mar-2026 UTC",26066903079039,26066903079039,B0FN4XNGFB,"MENTO 001 - UK",1,"03-Mar-2026 UTC",0.0000,A_FOOD_GEN,GBP,VAT,Taxable,DEEMED_RESELLER,Marketplace,ShipFrom,Country,SPAIN,129.99,0.00,129.99,0.00,0.00,0.00,6.39,0.00,6.39,0.00,0.00,0.00,0.00,0.00,0.00,0.00,0.00,0.00,ESB42892893,ES,,,,,,0.0000,,0.00,ES60000C3GY9DD,"https://sellercentral.amazon.co.uk/document/download?v=urn%3aalx%3adoc%3a9d8cab0f-1f96-4462-8642-ace99a371392%3ac79bcbd6-47d5-494f-a341-15625a844bb3&t=EU_Retail_Forward",true,"ALCALA DE HENARES",MADRID,ES,28801,807240000,LOUGHTON,Essex,GB,"IG10 3JQ",808260000,,true,,,,,,,,,,,,
GB,1097380268002,"07-Mar-2026 UTC",SHIPMENT,FALSE,202-8907331-3358734,"08-Mar-2026 UTC",26080526535039,26080526535039,B0FN4XNGFB,"MENTO 001 - UK",1,"07-Mar-2026 UTC",0.0000,A_FOOD_GEN,GBP,VAT,Taxable,DEEMED_RESELLER,Marketplace,ShipFrom,Country,SPAIN,129.99,0.00,129.99,0.00,0.00,0.00,6.39,0.00,6.39,0.00,0.00,0.00,0.00,0.00,0.00,0.00,0.00,0.00,ESB42892893,ES,,,,,,0.0000,,0.00,ES60000D3GY9DD,"https://sellercentral.amazon.co.uk/document/download?v=urn%3aalx%3adoc%3a9d8cab0f-1f96-4462-8642-ace99a371392%3a642b0259-eaee-478a-b81a-15793f503d2d&t=EU_Retail_Forward",true,"ALCALA DE HENARES",MADRID,ES,28801,807240000,BEDWORTH,,GB,"CV12 9EQ",808260000,,true,,,,,,,,,,,,
DE,1097380268002,"12-Mar-2026 UTC",SHIPMENT,FALSE,306-8206138-0689905,"13-Mar-2026 UTC",26105221319039,26105221319039,B0FMZRS9JS,"MONTE 004 - DE",1,"12-Mar-2026 UTC",0.0300,A_FOOD_GEN,EUR,VAT,Taxable,VCS_EU_OSS,Seller,ShipTo,Country,LUXEMBOURG,110.48,3.22,107.26,0.00,0.00,0.00,27.50,0.80,26.70,0.00,0.00,0.00,0.00,0.00,0.00,0.00,0.00,0.00,ESB42892893,ES,,,,,,0.0000,,0.00,ES60003O3GY9DU,"https://sellercentral.amazon.de/document/download?v=urn%3aalx%3adoc%3a9d8cab0f-1f96-4462-8642-ace99a371392%3aa1e6c937-fbaa-4698-b4c5-a10904c4c282&t=EU_Retail_Forward",false,"ALCALA DE HENARES",MADRID,ES,28801,807240000,LUXEMBOURG,,LU,L-0241,804420000,,true,,,,,,,,,,,,
DE,1097380268002,"28-Mar-2026 UTC",SHIPMENT,FALSE,302-6213500-4815515,"29-Mar-2026 UTC",26156842219039,26156842219039,B0FMYXBBDD,"MONTE 002 - DE",1,"28-Mar-2026 UTC",0.0700,A_FOOD_GEN,EUR,VAT,Taxable,VCS_EU_OSS,Seller,ShipTo,Country,GERMANY,52.99,3.47,49.52,0.00,0.00,0.00,0.00,0.00,0.00,0.00,0.00,0.00,0.00,0.00,0.00,0.00,0.00,0.00,ESB42892893,ES,,,,,,0.0000,,0.00,ES60004A3GY9DU,"https://sellercentral.amazon.de/document/download?v=urn%3aalx%3adoc%3a9d8cab0f-1f96-4462-8642-ace99a371392%3af344f259-0589-470d-a0bc-6c903aa01ddf&t=EU_Retail_Forward",false,"ALCALA DE HENARES",MADRID,ES,28801,807240000,Fellbach,,DE,70734,802760001,,true,,,,,,,,,,,,
DE,1097380268002,"09-Mar-2026 UTC",SHIPMENT,FALSE,303-9595522-6864306,"10-Mar-2026 UTC",26086889561039,26086889561039,B0FMZRS9JS,"MONTE 004 - DE",1,"09-Mar-2026 UTC",0.0700,A_FOOD_GEN,EUR,VAT,Taxable,VCS_EU_OSS,Seller,ShipTo,Country,GERMANY,117.99,7.72,110.27,0.00,0.00,0.00,0.00,0.00,0.00,0.00,0.00,0.00,0.00,0.00,0.00,0.00,0.00,0.00,ESB42892893,ES,,,,,,0.0000,,0.00,ES60003G3GY9DU,"https://sellercentral.amazon.de/document/download?v=urn%3aalx%3adoc%3a9d8cab0f-1f96-4462-8642-ace99a371392%3a0b343427-965c-4c91-9caa-6bcb941e90bd&t=EU_Retail_Forward",false,"ALCALA DE HENARES",MADRID,ES,28801,807240000,Rudolstadt,,DE,07407,802760000,,true,,,,,,,,,,,,
DE,1097380268002,"12-Mar-2026 UTC",REFUND,FALSE,302-6237021-7441116,"20-Mar-2026 UTC",26103219398039,"amzn1:crow:Rt1PpGLKQuqRA55x2e+1OQ",B0FMYT6Y9H,"MONTE 001 DE",1,"12-Mar-2026 UTC",0.0700,A_FOOD_GEN,EUR,VAT,Taxable,VCS_EU_OSS,Seller,ShipTo,Country,GERMANY,-11.23,-0.73,-10.50,0.00,0.00,0.00,0.00,0.00,0.00,0.00,0.00,0.00,0.00,0.00,0.00,0.00,0.00,0.00,ESB42892893,ES,,,,,,0.0000,,0.00,ES60000H3GY9DQ,"https://sellercentral.amazon.de/document/download?v=urn%3aalx%3adoc%3a9d8cab0f-1f96-4462-8642-ace99a371392%3a0cacd4a0-9a55-43e6-a462-2b38418fa123&t=EU_Retail_Reversal",false,"ALCALA DE HENARES",MADRID,ES,28801,807240000,"Bad Dürkheim",,DE,67098,802760000,,true,,,,,,,,,,,,
DE,1097380268002,"18-Mar-2026 UTC",SHIPMENT,FALSE,305-2043719-5833152,"19-Mar-2026 UTC",26126533118039,26126533118039,B0FMYXBBDD,"MONTE 002 - DE",1,"18-Mar-2026 UTC",0.0700,A_FOOD_GEN,EUR,VAT,Taxable,VCS_EU_OSS,Seller,ShipTo,Country,GERMANY,52.99,3.47,49.52,0.00,0.00,0.00,0.00,0.00,0.00,0.00,0.00,0.00,0.00,0.00,0.00,0.00,0.00,0.00,ESB42892893,ES,,,,,,0.0000,,0.00,ES6000413GY9DU,"https://sellercentral.amazon.de/document/download?v=urn%3aalx%3adoc%3a9d8cab0f-1f96-4462-8642-ace99a371392%3a9e6054ce-9a48-40af-9532-ad10d40b43b9&t=EU_Retail_Forward",false,"ALCALA DE HENARES",MADRID,ES,28801,807240000,FICHTENWALDE,,DE,14547,802760000,,true,,,,,,,,,,,,
DE,1097380268002,"24-Mar-2026 UTC",SHIPMENT,FALSE,303-9167700-8818704,"25-Mar-2026 UTC",26144368952039,26144368952039,B0FMYWHRNY,"MONTE 003 - DE",1,"24-Mar-2026 UTC",0.0300,A_FOOD_GEN,EUR,VAT,Taxable,VCS_EU_OSS,Seller,ShipTo,Country,LUXEMBOURG,125.46,3.65,121.81,0.00,0.00,0.00,37.90,1.10,36.80,0.00,0.00,0.00,0.00,0.00,0.00,0.00,0.00,0.00,ESB42892893,ES,,,,,,0.0000,,0.00,ES6000473GY9DU,"https://sellercentral.amazon.de/document/download?v=urn%3aalx%3adoc%3a9d8cab0f-1f96-4462-8642-ace99a371392%3a6c277676-3070-4393-89c2-77719c19dd47&t=EU_Retail_Forward",false,"ALCALA DE HENARES",MADRID,ES,28801,807240000,Alzingen,,LU,5868,804420000,,true,,,,,,,,,,,,
DE,1097380268002,"06-Mar-2026 UTC",SHIPMENT,FALSE,028-9086613-8267519,"07-Mar-2026 UTC",26076200131039,26076200131039,B0FMYXBBDD,"MONTE 002 - DE",1,"06-Mar-2026 UTC",0.0700,A_FOOD_GEN,EUR,VAT,Taxable,VCS_EU_OSS,Seller,ShipTo,Country,GERMANY,52.99,3.47,49.52,0.00,0.00,0.00,0.00,0.00,0.00,0.00,0.00,0.00,0.00,0.00,0.00,0.00,0.00,0.00,ESB42892893,ES,,,,,,0.0000,,0.00,ES60003C3GY9DU,"https://sellercentral.amazon.de/document/download?v=urn%3aalx%3adoc%3a9d8cab0f-1f96-4462-8642-ace99a371392%3a7075605c-9ce1-495f-afcc-ca8571248909&t=EU_Retail_Forward",false,"ALCALA DE HENARES",MADRID,ES,28801,807240000,Dietramszell,,DE,83623,802760000,,true,,,,,,,,,,,,
DE,1097380268002,"09-Mar-2026 UTC",SHIPMENT,FALSE,302-6134453-3961106,"10-Mar-2026 UTC",26088182101039,26088182101039,B0FMYT6Y9H,"MONTE 001 DE",1,"09-Mar-2026 UTC",0.0700,A_FOOD_GEN,EUR,VAT,Taxable,VCS_EU_OSS,Seller,ShipTo,Country,GERMANY,112.99,7.39,105.60,0.00,0.00,0.00,0.00,0.00,0.00,0.00,0.00,0.00,0.00,0.00,0.00,0.00,0.00,0.00,ESB42892893,ES,,,,,,0.0000,,0.00,ES60003F3GY9DU,"https://sellercentral.amazon.de/document/download?v=urn%3aalx%3adoc%3a9d8cab0f-1f96-4462-8642-ace99a371392%3a87e515f3-a587-4ce7-9cff-7f33125387a0&t=EU_Retail_Forward",false,"ALCALA DE HENARES",MADRID,ES,28801,807240000,Berlin,,DE,10117,802760000,,true,,,,,,,,,,,,
DE,1097380268002,"11-Mar-2026 UTC",SHIPMENT,FALSE,305-1118518-6216350,"12-Mar-2026 UTC",26103186457039,26103186457039,B0FMYT6Y9H,"MONTE 001 DE",1,"11-Mar-2026 UTC",0.0700,A_FOOD_GEN,EUR,VAT,Taxable,VCS_EU_OSS,Seller,ShipTo,Country,GERMANY,112.99,7.39,105.60,0.00,0.00,0.00,0.00,0.00,0.00,0.00,0.00,0.00,0.00,0.00,0.00,0.00,0.00,0.00,ESB42892893,ES,,,,,,0.0000,,0.00,ES60003N3GY9DU,"https://sellercentral.amazon.de/document/download?v=urn%3aalx%3adoc%3a9d8cab0f-1f96-4462-8642-ace99a371392%3a0c87e6f3-2455-4db5-a779-2ef9cdbd1d12&t=EU_Retail_Forward",false,"ALCALA DE HENARES",MADRID,ES,28801,807240000,"Schönau Im Schwarzwald",FREIBURGO,DE,79677,802760000,,true,,,,,,,,,,,,
DE,1097380268002,"21-Mar-2026 UTC",SHIPMENT,FALSE,303-6943724-4352300,"21-Mar-2026 UTC",26132952710039,26132952710039,B0FMZRS9JS,"MONTE 004 - DE",1,"21-Mar-2026 UTC",0.0700,A_FOOD_GEN,EUR,VAT,Taxable,VCS_EU_OSS,Seller,ShipTo,Country,GERMANY,117.99,7.72,110.27,0.00,0.00,0.00,0.00,0.00,0.00,0.00,0.00,0.00,0.00,0.00,0.00,0.00,0.00,0.00,ESB42892893,ES,,,,,,0.0000,,0.00,ES6000433GY9DU,"https://sellercentral.amazon.de/document/download?v=urn%3aalx%3adoc%3a9d8cab0f-1f96-4462-8642-ace99a371392%3a13296397-d9aa-48f4-b923-2676e7473f6c&t=EU_Retail_Forward",false,"ALCALA DE HENARES",MADRID,ES,28801,807240000,Starnberg,,DE,82319,802760000,,true,,,,,,,,,,,,
DE,1097380268002,"10-Mar-2026 UTC",SHIPMENT,FALSE,303-2383606-5538707,"11-Mar-2026 UTC",26092390647039,26092390647039,B0FMZRS9JS,"MONTE 004 - DE",1,"11-Mar-2026 UTC",0.0700,A_FOOD_GEN,EUR,VAT,Taxable,VCS_EU_OSS,Seller,ShipTo,Country,GERMANY,117.99,7.72,110.27,0.00,0.00,0.00,0.00,0.00,0.00,0.00,0.00,0.00,0.00,0.00,0.00,0.00,0.00,0.00,ESB42892893,ES,,,,,,0.0000,,0.00,ES60003I3GY9DU,"https://sellercentral.amazon.de/document/download?v=urn%3aalx%3adoc%3a9d8cab0f-1f96-4462-8642-ace99a371392%3a81404481-c45d-4a8e-b605-e28514547323&t=EU_Retail_Forward",false,"ALCALA DE HENARES",MADRID,ES,28801,807240000,"Frankfurt Am Main",Hessen,DE,60329,802760000,,true,,,,,,,,,,,,
DE,1097380268002,"11-Mar-2026 UTC",SHIPMENT,FALSE,303-9705415-9028363,"12-Mar-2026 UTC",26101764619039,26101764619039,B0FMZRS9JS,"MONTE 004 - DE",1,"11-Mar-2026 UTC",0.0700,A_FOOD_GEN,EUR,VAT,Taxable,VCS_EU_OSS,Seller,ShipTo,Country,GERMANY,117.99,7.72,110.27,0.00,0.00,0.00,0.00,0.00,0.00,0.00,0.00,0.00,0.00,0.00,0.00,0.00,0.00,0.00,ESB42892893,ES,,,,,,0.0000,,0.00,ES60003L3GY9DU,"https://sellercentral.amazon.de/document/download?v=urn%3aalx%3adoc%3a9d8cab0f-1f96-4462-8642-ace99a371392%3ac3d9dbd0-3ba5-431c-9065-4f3ee12c9ef7&t=EU_Retail_Forward",false,"ALCALA DE HENARES",MADRID,ES,28801,807240000,Maisach,,DE,82216,802760000,,true,,,,,,,,,,,,
DE,1097380268002,"02-Mar-2026 UTC",SHIPMENT,FALSE,302-9614642-1626735,"03-Mar-2026 UTC",26063577914039,26063577914039,B0FMYT6Y9H,"MONTE 001 DE",1,"02-Mar-2026 UTC",0.0700,A_FOOD_GEN,EUR,VAT,Taxable,VCS_EU_OSS,Seller,ShipTo,Country,GERMANY,112.99,7.39,105.60,0.00,0.00,0.00,0.00,0.00,0.00,0.00,0.00,0.00,0.00,0.00,0.00,0.00,0.00,0.00,ESB42892893,ES,,,,,,0.0000,,0.00,ES6000383GY9DU,"https://sellercentral.amazon.de/document/download?v=urn%3aalx%3adoc%3a9d8cab0f-1f96-4462-8642-ace99a371392%3a241f905e-1a9c-4814-b005-44229eaf0a01&t=EU_Retail_Forward",false,"ALCALA DE HENARES",MADRID,ES,28801,807240000,"Neustadt B. Coburg",,DE,96465,802760000,,true,,,,,,,,,,,,
DE,1097380268002,"08-Mar-2026 UTC",SHIPMENT,FALSE,303-2590919-2580337,"09-Mar-2026 UTC",26081892907039,26081892907039,B0FMYT6Y9H,"MONTE 001 DE",1,"08-Mar-2026 UTC",0.0700,A_FOOD_GEN,EUR,VAT,Taxable,VCS_EU_OSS,Seller,ShipTo,Country,GERMANY,112.99,7.39,105.60,0.00,0.00,0.00,0.00,0.00,0.00,0.00,0.00,0.00,0.00,0.00,0.00,0.00,0.00,0.00,ESB42892893,ES,,,,,,0.0000,,0.00,ES60003E3GY9DU,"https://sellercentral.amazon.de/document/download?v=urn%3aalx%3adoc%3a9d8cab0f-1f96-4462-8642-ace99a371392%3af2fac162-0e60-4486-89e9-5e33174b63dd&t=EU_Retail_Forward",false,"ALCALA DE HENARES",MADRID,ES,28801,807240000,Stuttgart,,DE,70176,802760001,,true,,,,,,,,,,,,
DE,1097380268002,"11-Mar-2026 UTC",SHIPMENT,FALSE,302-8725937-0504336,"12-Mar-2026 UTC",26100305409039,26100305409039,B0FMYT6Y9H,"MONTE 001 DE",1,"11-Mar-2026 UTC",0.0700,A_FOOD_GEN,EUR,VAT,Taxable,VCS_EU_OSS,Seller,ShipTo,Country,GERMANY,112.99,7.39,105.60,0.00,0.00,0.00,0.00,0.00,0.00,0.00,0.00,0.00,0.00,0.00,0.00,0.00,0.00,0.00,ESB42892893,ES,,,,,,0.0000,,0.00,ES60003K3GY9DU,"https://sellercentral.amazon.de/document/download?v=urn%3aalx%3adoc%3a9d8cab0f-1f96-4462-8642-ace99a371392%3abe6e99a6-8f84-4469-b9ff-57484d3824f0&t=EU_Retail_Forward",false,"ALCALA DE HENARES",MADRID,ES,28801,807240000,Dresden,,DE,01309,802760000,,true,,,,,,,,,,,,
DE,1097380268002,"23-Mar-2026 UTC",SHIPMENT,FALSE,303-9814423-2922746,"24-Mar-2026 UTC",26139211559039,26139211559039,B0FMZRS9JS,"MONTE 004 - DE",1,"23-Mar-2026 UTC",0.0700,A_FOOD_GEN,EUR,VAT,Taxable,VCS_EU_OSS,Seller,ShipTo,Country,GERMANY,117.99,7.72,110.27,0.00,0.00,0.00,25.00,1.64,23.36,0.00,0.00,0.00,0.00,0.00,0.00,0.00,0.00,0.00,ESB42892893,ES,,,,,,0.0000,,0.00,ES6000453GY9DU,"https://sellercentral.amazon.de/document/download?v=urn%3aalx%3adoc%3a9d8cab0f-1f96-4462-8642-ace99a371392%3ab68a4c28-8f88-4100-b1bf-8da2f3564adb&t=EU_Retail_Forward",false,"ALCALA DE HENARES",MADRID,ES,28801,807240000,Rostock,Mecklenburg-Vorpommern,DE,18069,802760000,,true,,,,,,,,,,,,
DE,1097380268002,"04-Mar-2026 UTC",SHIPMENT,FALSE,306-4419321-2109141,"04-Mar-2026 UTC",26070636982039,26070636982039,B0FMZRS9JS,"MONTE 004 - DE",1,"04-Mar-2026 UTC",0.0700,A_FOOD_GEN,EUR,VAT,Taxable,VCS_EU_OSS,Seller,ShipTo,Country,GERMANY,117.99,7.72,110.27,0.00,0.00,0.00,0.00,0.00,0.00,0.00,0.00,0.00,0.00,0.00,0.00,0.00,0.00,0.00,ESB42892893,ES,,,,,,0.0000,,0.00,ES6000393GY9DU,"https://sellercentral.amazon.de/document/download?v=urn%3aalx%3adoc%3a9d8cab0f-1f96-4462-8642-ace99a371392%3af3b6e0da-224a-4a0d-82ee-b1c8ac6377fe&t=EU_Retail_Forward",false,"ALCALA DE HENARES",MADRID,ES,28801,807240000,Cottbus,,DE,03046,802760000,,true,,,,,,,,,,,,
DE,1097380268002,"29-Mar-2026 UTC",SHIPMENT,FALSE,028-4878541-8784358,"30-Mar-2026 UTC",26159628765039,26159628765039,B0FMZRS9JS,"MONTE 004 - DE",1,"29-Mar-2026 UTC",0.0700,A_FOOD_GEN,EUR,VAT,Taxable,VCS_EU_OSS,Seller,ShipTo,Country,GERMANY,117.99,7.72,110.27,0.00,0.00,0.00,0.00,0.00,0.00,0.00,0.00,0.00,0.00,0.00,0.00,0.00,0.00,0.00,ESB42892893,ES,,,,,,0.0000,,0.00,ES60004D3GY9DU,"https://sellercentral.amazon.de/document/download?v=urn%3aalx%3adoc%3a9d8cab0f-1f96-4462-8642-ace99a371392%3a61221408-ddc1-4f22-8e2c-c3c172a9518d&t=EU_Retail_Forward",false,"ALCALA DE HENARES",MADRID,ES,28801,807240000,Bonn,Nordrhein-Westfalen,DE,53127,802760000,,true,,,,,,,,,,,,
DE,1097380268002,"29-Mar-2026 UTC",SHIPMENT,FALSE,303-9579207-3924362,"30-Mar-2026 UTC",26158416803039,26158416803039,B0FMYWHRNY,"MONTE 003 - DE",1,"29-Mar-2026 UTC",0.0700,A_FOOD_GEN,EUR,VAT,Taxable,VCS_EU_OSS,Seller,ShipTo,Country,GERMANY,133.99,8.77,125.22,0.00,0.00,0.00,0.00,0.00,0.00,0.00,0.00,0.00,0.00,0.00,0.00,0.00,0.00,0.00,ESB42892893,ES,,,,,,0.0000,,0.00,ES60004F3GY9DU,"https://sellercentral.amazon.de/document/download?v=urn%3aalx%3adoc%3a9d8cab0f-1f96-4462-8642-ace99a371392%3a7aa277be-79ae-4969-b969-8185dacc3bfd&t=EU_Retail_Forward",false,"ALCALA DE HENARES",MADRID,ES,28801,807240000,Pottum,,DE,56459,802760000,,true,,,,,,,,,,,,
DE,1097380268002,"22-Mar-2026 UTC",SHIPMENT,FALSE,306-6711225-8937109,"23-Mar-2026 UTC",26137061661039,26137061661039,B0FMZRS9JS,"MONTE 004 - DE",1,"22-Mar-2026 UTC",0.0700,A_FOOD_GEN,EUR,VAT,Taxable,VCS_EU_OSS,Seller,ShipTo,Country,GERMANY,117.99,7.72,110.27,0.00,0.00,0.00,0.00,0.00,0.00,0.00,0.00,0.00,0.00,0.00,0.00,0.00,0.00,0.00,ESB42892893,ES,,,,,,0.0000,,0.00,ES6000443GY9DU,"https://sellercentral.amazon.de/document/download?v=urn%3aalx%3adoc%3a9d8cab0f-1f96-4462-8642-ace99a371392%3a9c6073a7-3afa-4b2d-94f7-7db942201d5b&t=EU_Retail_Forward",false,"ALCALA DE HENARES",MADRID,ES,28801,807240000,Steinhagen,,DE,18442,802760000,,true,,,,,,,,,,,,
DE,1097380268002,"04-Mar-2026 UTC",REFUND,FALSE,306-4419321-2109141,"18-Mar-2026 UTC",26070636982039,"amzn1:crow:aPe0feU8R2+bNHERAJcfqg",B0FMZRS9JS,"MONTE 004 - DE",1,"04-Mar-2026 UTC",0.0700,A_FOOD_GEN,EUR,VAT,Taxable,VCS_EU_OSS,Seller,ShipTo,Country,GERMANY,-117.99,-7.72,-110.27,0.00,0.00,0.00,0.00,0.00,0.00,0.00,0.00,0.00,0.00,0.00,0.00,0.00,0.00,0.00,ESB42892893,ES,,,,,,0.0000,,0.00,ES60000F3GY9DQ,"https://sellercentral.amazon.de/document/download?v=urn%3aalx%3adoc%3a9d8cab0f-1f96-4462-8642-ace99a371392%3af0aa62af-1f4b-4db3-bc81-7edb0efca236&t=EU_Retail_Reversal",false,"ALCALA DE HENARES",MADRID,ES,28801,807240000,Cottbus,,DE,03046,802760000,,true,,,,,,,,,,,,
DE,1097380268002,"28-Mar-2026 UTC",SHIPMENT,FALSE,028-0390971-9408317,"29-Mar-2026 UTC",26155985950039,26155985950039,B0FMYXBBDD,"MONTE 002 - DE",1,"28-Mar-2026 UTC",0.0700,A_FOOD_GEN,EUR,VAT,Taxable,VCS_EU_OSS,Seller,ShipTo,Country,GERMANY,52.99,3.47,49.52,0.00,0.00,0.00,0.00,0.00,0.00,0.00,0.00,0.00,0.00,0.00,0.00,0.00,0.00,0.00,ESB42892893,ES,,,,,,0.0000,,0.00,ES60004B3GY9DU,"https://sellercentral.amazon.de/document/download?v=urn%3aalx%3adoc%3a9d8cab0f-1f96-4462-8642-ace99a371392%3a92d60947-01e7-46a5-b6fb-ae4f0926650a&t=EU_Retail_Forward",false,"ALCALA DE HENARES",MADRID,ES,28801,807240000,Adelshofen,Bayern,DE,91587,802760000,,true,,,,,,,,,,,,
DE,1097380268002,"01-Mar-2026 UTC",SHIPMENT,FALSE,028-1609936-2399552,"02-Mar-2026 UTC",26058812307039,26058812307039,B0FMYXBBDD,"MONTE 002 - DE",1,"01-Mar-2026 UTC",0.0700,A_FOOD_GEN,EUR,VAT,Taxable,VCS_EU_OSS,Seller,ShipTo,Country,GERMANY,52.99,3.47,49.52,0.00,0.00,0.00,0.00,0.00,0.00,0.00,0.00,0.00,0.00,0.00,0.00,0.00,0.00,0.00,ESB42892893,ES,,,,,,0.0000,,0.00,ES6000363GY9DU,"https://sellercentral.amazon.de/document/download?v=urn%3aalx%3adoc%3a9d8cab0f-1f96-4462-8642-ace99a371392%3a46faf24d-89c9-4516-b48f-b098f53ac108&t=EU_Retail_Forward",false,"ALCALA DE HENARES",MADRID,ES,28801,807240000,Hemer,,DE,58675,802760000,,true,,,,,,,,,,,,
DE,1097380268002,"30-Mar-2026 UTC",SHIPMENT,FALSE,304-1703948-9104304,"31-Mar-2026 UTC",26164518018039,26164518018039,B0FMZRS9JS,"MONTE 004 - DE",1,"30-Mar-2026 UTC",0.2400,A_FOOD_GEN,EUR,VAT,Taxable,VCS_EU_OSS,Seller,ShipTo,Country,GREECE,133.00,25.74,107.26,0.00,0.00,0.00,27.50,5.32,22.18,0.00,0.00,0.00,0.00,0.00,0.00,0.00,0.00,0.00,ESB42892893,ES,,,,,,0.0000,,0.00,ES60004H3GY9DU,"https://sellercentral.amazon.de/document/download?v=urn%3aalx%3adoc%3a9d8cab0f-1f96-4462-8642-ace99a371392%3abbcbe6b4-1bbc-4bce-92bc-aef8a6c6b709&t=EU_Retail_Forward",false,"ALCALA DE HENARES",MADRID,ES,28801,807240000,Amaliada,Ilias,GR,27200,803000000,,true,,,,,,,,,,,,
DE,1097380268002,"29-Mar-2026 UTC",SHIPMENT,FALSE,306-6761059-5922701,"30-Mar-2026 UTC",26160020298039,26160020298039,B0FMYWHRNY,"MONTE 003 - DE",1,"29-Mar-2026 UTC",0.0700,A_FOOD_GEN,EUR,VAT,Taxable,VCS_EU_OSS,Seller,ShipTo,Country,GERMANY,133.99,8.77,125.22,0.00,0.00,0.00,0.00,0.00,0.00,0.00,0.00,0.00,0.00,0.00,0.00,0.00,0.00,0.00,ESB42892893,ES,,,,,,0.0000,,0.00,ES60004E3GY9DU,"https://sellercentral.amazon.de/document/download?v=urn%3aalx%3adoc%3a9d8cab0f-1f96-4462-8642-ace99a371392%3ac98ff103-43ff-4e8e-8114-9c96b2149986&t=EU_Retail_Forward",false,"ALCALA DE HENARES",MADRID,ES,28801,807240000,Günding,,DE,85232,802760000,,true,,,,,,,,,,,,
DE,1097380268002,"16-Mar-2026 UTC",SHIPMENT,FALSE,304-4668255-5210746,"17-Mar-2026 UTC",26119416668039,26119416668039,B0FMZRS9JS,"MONTE 004 - DE",1,"16-Mar-2026 UTC",0.0700,A_FOOD_GEN,EUR,VAT,Taxable,VCS_EU_OSS,Seller,ShipTo,Country,GERMANY,117.99,7.72,110.27,0.00,0.00,0.00,0.00,0.00,0.00,0.00,0.00,0.00,0.00,0.00,0.00,0.00,0.00,0.00,ESB42892893,ES,,,,,,0.0000,,0.00,ES60003V3GY9DU,"https://sellercentral.amazon.de/document/download?v=urn%3aalx%3adoc%3a9d8cab0f-1f96-4462-8642-ace99a371392%3a7480ba6a-d3e5-49e5-ac06-a3e9adc9c98d&t=EU_Retail_Forward",false,"ALCALA DE HENARES",MADRID,ES,28801,807240000,Großschirma,,DE,09603,802760000,,true,,,,,,,,,,,,
DE,1097380268002,"14-Mar-2026 UTC",SHIPMENT,FALSE,305-1953478-3675525,"15-Mar-2026 UTC",26111062725039,26111062725039,B0FMYT6Y9H,"MONTE 001 DE",1,"14-Mar-2026 UTC",0.0700,A_FOOD_GEN,EUR,VAT,Taxable,VCS_EU_OSS,Seller,ShipTo,Country,GERMANY,112.99,7.39,105.60,0.00,0.00,0.00,0.00,0.00,0.00,0.00,0.00,0.00,0.00,0.00,0.00,0.00,0.00,0.00,ESB42892893,ES,,,,,,0.0000,,0.00,ES60003T3GY9DU,"https://sellercentral.amazon.de/document/download?v=urn%3aalx%3adoc%3a9d8cab0f-1f96-4462-8642-ace99a371392%3a9043ef19-3d21-47dd-a62f-ead004e817e7&t=EU_Retail_Forward",false,"ALCALA DE HENARES",MADRID,ES,28801,807240000,Steinweiler,,DE,76872,802760000,,true,,,,,,,,,,,,
DE,1097380268002,"17-Mar-2026 UTC",SHIPMENT,FALSE,028-7843533-7385948,"18-Mar-2026 UTC",26123206657039,26123206657039,B0FMZRS9JS,"MONTE 004 - DE",1,"17-Mar-2026 UTC",0.0700,A_FOOD_GEN,EUR,VAT,Taxable,VCS_EU_OSS,Seller,ShipTo,Country,GERMANY,117.99,7.72,110.27,0.00,0.00,0.00,0.00,0.00,0.00,0.00,0.00,0.00,0.00,0.00,0.00,0.00,0.00,0.00,ESB42892893,ES,,,,,,0.0000,,0.00,ES60003X3GY9DU,"https://sellercentral.amazon.de/document/download?v=urn%3aalx%3adoc%3a9d8cab0f-1f96-4462-8642-ace99a371392%3a32c682d9-94a1-4ec6-a111-0dee3ace3b71&t=EU_Retail_Forward",false,"ALCALA DE HENARES",MADRID,ES,28801,807240000,Stuttgart,,DE,70597,802760001,,true,,,,,,,,,,,,
DE,1097380268002,"18-Mar-2026 UTC",SHIPMENT,FALSE,028-9523312-7740307,"19-Mar-2026 UTC",26126224850039,26126224850039,B0FMZRS9JS,"MONTE 004 - DE",1,"18-Mar-2026 UTC",0.0700,A_FOOD_GEN,EUR,VAT,Taxable,VCS_EU_OSS,Seller,ShipTo,Country,GERMANY,117.99,7.72,110.27,0.00,0.00,0.00,0.00,0.00,0.00,0.00,0.00,0.00,0.00,0.00,0.00,0.00,0.00,0.00,ESB42892893,ES,,,,,,0.0000,,0.00,ES6000403GY9DU,"https://sellercentral.amazon.de/document/download?v=urn%3aalx%3adoc%3a9d8cab0f-1f96-4462-8642-ace99a371392%3a0be2fdd4-287b-4696-b810-8b2f3706931c&t=EU_Retail_Forward",false,"ALCALA DE HENARES",MADRID,ES,28801,807240000,Saarbrücken,,DE,66125,802760000,,true,,,,,,,,,,,,
DE,1097380268002,"13-Mar-2026 UTC",SHIPMENT,FALSE,302-5229111-2441921,"14-Mar-2026 UTC",26106864086039,26106864086039,B0FMZRS9JS,"MONTE 004 - DE",1,"13-Mar-2026 UTC",0.0700,A_FOOD_GEN,EUR,VAT,Taxable,VCS_EU_OSS,Seller,ShipTo,Country,GERMANY,117.99,7.72,110.27,0.00,0.00,0.00,0.00,0.00,0.00,0.00,0.00,0.00,0.00,0.00,0.00,0.00,0.00,0.00,ESB42892893,ES,,,,,,0.0000,,0.00,ES60003R3GY9DU,"https://sellercentral.amazon.de/document/download?v=urn%3aalx%3adoc%3a9d8cab0f-1f96-4462-8642-ace99a371392%3a7b7576ab-7160-400b-8fe9-68a40b6aa8d7&t=EU_Retail_Forward",false,"ALCALA DE HENARES",MADRID,ES,28801,807240000,Suhl,,DE,98527,802760000,,true,,,,,,,,,,,,
DE,1097380268002,"27-Mar-2026 UTC",SHIPMENT,FALSE,304-0108751-7149908,"28-Mar-2026 UTC",26154673697039,26154673697039,B0FMZRS9JS,"MONTE 004 - DE",1,"27-Mar-2026 UTC",0.1000,A_FOOD_GEN,EUR,VAT,Taxable,VCS_EU_OSS,Seller,ShipTo,Country,AUSTRIA,117.99,10.73,107.26,0.00,0.00,0.00,3.00,0.27,2.73,0.00,0.00,0.00,0.00,0.00,0.00,0.00,0.00,0.00,ESB42892893,ES,,,,,,0.0000,,0.00,ES6000493GY9DU,"https://sellercentral.amazon.de/document/download?v=urn%3aalx%3adoc%3a9d8cab0f-1f96-4462-8642-ace99a371392%3ac47b546e-2a81-4abc-8a22-039a6e4afb40&t=EU_Retail_Forward",false,"ALCALA DE HENARES",MADRID,ES,28801,807240000,Straßwalchen,,AT,5204,800400000,,true,,,,,,,,,,,,
DE,1097380268002,"17-Mar-2026 UTC",SHIPMENT,FALSE,303-9318358-1597124,"18-Mar-2026 UTC",26122449330039,26122449330039,B0FMYWHRNY,"MONTE 003 - DE",1,"17-Mar-2026 UTC",0.0700,A_FOOD_GEN,EUR,VAT,Taxable,VCS_EU_OSS,Seller,ShipTo,Country,GERMANY,133.99,8.77,125.22,0.00,0.00,0.00,0.00,0.00,0.00,0.00,0.00,0.00,0.00,0.00,0.00,0.00,0.00,0.00,ESB42892893,ES,,,,,,0.0000,,0.00,ES60003Y3GY9DU,"https://sellercentral.amazon.de/document/download?v=urn%3aalx%3adoc%3a9d8cab0f-1f96-4462-8642-ace99a371392%3a201fd6e0-1826-4cbf-bcf4-ce2cce60d54e&t=EU_Retail_Forward",false,"ALCALA DE HENARES",MADRID,ES,28801,807240000,Leipzig,,DE,04289,802760000,,true,,,,,,,,,,,,
DE,1097380268002,"11-Mar-2026 UTC",SHIPMENT,FALSE,028-3946827-6821964,"12-Mar-2026 UTC",26103875771039,26103875771039,B0FMYXBBDD,"MONTE 002 - DE",1,"11-Mar-2026 UTC",0.0700,A_FOOD_GEN,EUR,VAT,Taxable,VCS_EU_OSS,Seller,ShipTo,Country,GERMANY,52.99,3.47,49.52,0.00,0.00,0.00,0.00,0.00,0.00,0.00,0.00,0.00,0.00,0.00,0.00,0.00,0.00,0.00,ESB42892893,ES,,,,,,0.0000,,0.00,ES60003M3GY9DU,"https://sellercentral.amazon.de/document/download?v=urn%3aalx%3adoc%3a9d8cab0f-1f96-4462-8642-ace99a371392%3a3309da87-d840-4b9d-81e3-5f07135cb7bb&t=EU_Retail_Forward",false,"ALCALA DE HENARES",MADRID,ES,28801,807240000,Kornwestheim,Baden-Württemberg,DE,70806,802760001,,true,,,,,,,,,,,,
DE,1097380268002,"17-Mar-2026 UTC",SHIPMENT,FALSE,302-0038952-6844363,"18-Mar-2026 UTC",26121362905039,26121362905039,B0FMZRS9JS,"MONTE 004 - DE",1,"17-Mar-2026 UTC",0.0700,A_FOOD_GEN,EUR,VAT,Taxable,VCS_EU_OSS,Seller,ShipTo,Country,GERMANY,117.99,7.72,110.27,0.00,0.00,0.00,0.00,0.00,0.00,0.00,0.00,0.00,0.00,0.00,0.00,0.00,0.00,0.00,ESB42892893,ES,,,,,,0.0000,,0.00,ES60003W3GY9DU,"https://sellercentral.amazon.de/document/download?v=urn%3aalx%3adoc%3a9d8cab0f-1f96-4462-8642-ace99a371392%3a640366eb-5601-43cd-883d-3dab00d10460&t=EU_Retail_Forward",false,"ALCALA DE HENARES",MADRID,ES,28801,807240000,Magstadt,Baden-Württemberg,DE,71106,802760001,,true,,,,,,,,,,,,
DE,1097380268002,"29-Mar-2026 UTC",SHIPMENT,FALSE,302-8083680-3286757,"30-Mar-2026 UTC",26161037682039,26161037682039,B0FMZRS9JS,"MONTE 004 - DE",1,"29-Mar-2026 UTC",0.0700,A_FOOD_GEN,EUR,VAT,Taxable,VCS_EU_OSS,Seller,ShipTo,Country,GERMANY,117.99,7.72,110.27,0.00,0.00,0.00,0.00,0.00,0.00,0.00,0.00,0.00,0.00,0.00,0.00,0.00,0.00,0.00,ESB42892893,ES,,,,,,0.0000,,0.00,ES60004G3GY9DU,"https://sellercentral.amazon.de/document/download?v=urn%3aalx%3adoc%3a9d8cab0f-1f96-4462-8642-ace99a371392%3a3f11db79-a34a-43e8-8c95-60bf249aadd3&t=EU_Retail_Forward",false,"ALCALA DE HENARES",MADRID,ES,28801,807240000,Niederkassel,,DE,53859,802760000,,true,,,,,,,,,,,,
DE,1097380268002,"13-Mar-2026 UTC",SHIPMENT,FALSE,304-1134854-4121106,"14-Mar-2026 UTC",26106943134039,26106943134039,B0FMYT6Y9H,"MONTE 001 DE",1,"13-Mar-2026 UTC",0.0700,A_FOOD_GEN,EUR,VAT,Taxable,VCS_EU_OSS,Seller,ShipTo,Country,GERMANY,112.99,7.39,105.60,0.00,0.00,0.00,0.00,0.00,0.00,0.00,0.00,0.00,0.00,0.00,0.00,0.00,0.00,0.00,ESB42892893,ES,,,,,,0.0000,,0.00,ES60003S3GY9DU,"https://sellercentral.amazon.de/document/download?v=urn%3aalx%3adoc%3a9d8cab0f-1f96-4462-8642-ace99a371392%3afd8fd69b-91d8-429c-a0d7-abe4c6da5815&t=EU_Retail_Forward",false,"ALCALA DE HENARES",MADRID,ES,28801,807240000,Leipheim,,DE,89340,802760000,,true,,,,,,,,,,,,
DE,1097380268002,"10-Mar-2026 UTC",SHIPMENT,FALSE,304-0681461-2801906,"11-Mar-2026 UTC",26089429289039,26089429289039,B0FXBQZMGR,DW-1GX9-RKIG,1,"10-Mar-2026 UTC",0.0700,A_FOOD_GEN,EUR,VAT,Taxable,VCS_EU_OSS,Seller,ShipTo,Country,GERMANY,52.12,3.41,48.71,0.00,0.00,0.00,0.00,0.00,0.00,0.00,0.00,0.00,0.00,0.00,0.00,0.00,0.00,0.00,ESB42892893,ES,,,,,,0.0000,,0.00,ES60003J3GY9DU,"https://sellercentral.amazon.de/document/download?v=urn%3aalx%3adoc%3a9d8cab0f-1f96-4462-8642-ace99a371392%3ab04a27e9-f41c-42d1-88d1-070581cbf28f&t=EU_Retail_Forward",false,"ALCALA DE HENARES",MADRID,ES,28801,807240000,Bremen,,DE,28201,802760000,,true,,,,,,,,,,,,
DE,1097380268002,"07-Mar-2026 UTC",SHIPMENT,FALSE,305-3759297-0547527,"08-Mar-2026 UTC",26080438221039,26080438221039,B0FMYWHRNY,"MONTE 003 - DE",1,"07-Mar-2026 UTC",0.0700,A_FOOD_GEN,EUR,VAT,Taxable,VCS_EU_OSS,Seller,ShipTo,Country,GERMANY,133.99,8.77,125.22,0.00,0.00,0.00,0.00,0.00,0.00,0.00,0.00,0.00,0.00,0.00,0.00,0.00,0.00,0.00,ESB42892893,ES,,,,,,0.0000,,0.00,ES60003D3GY9DU,"https://sellercentral.amazon.de/document/download?v=urn%3aalx%3adoc%3a9d8cab0f-1f96-4462-8642-ace99a371392%3ac803e069-78ae-4f72-a3f2-6b9c7359aa09&t=EU_Retail_Forward",false,"ALCALA DE HENARES",MADRID,ES,28801,807240000,Mühlhausen/thüringen,,DE,99974,802760000,,true,,,,,,,,,,,,
DE,1097380268002,"12-Mar-2026 UTC",SHIPMENT,FALSE,305-4466437-2337153,"13-Mar-2026 UTC",26104925632039,26104925632039,B0FMYT6Y9H,"MONTE 001 DE",1,"12-Mar-2026 UTC",0.0700,A_FOOD_GEN,EUR,VAT,Taxable,VCS_EU_OSS,Seller,ShipTo,Country,GERMANY,112.99,7.39,105.60,0.00,0.00,0.00,0.00,0.00,0.00,0.00,0.00,0.00,0.00,0.00,0.00,0.00,0.00,0.00,ESB42892893,ES,,,,,,0.0000,,0.00,ES60003Q3GY9DU,"https://sellercentral.amazon.de/document/download?v=urn%3aalx%3adoc%3a9d8cab0f-1f96-4462-8642-ace99a371392%3a18c5cdfd-c9f5-429e-8638-748a58eb2a9f&t=EU_Retail_Forward",false,"ALCALA DE HENARES",MADRID,ES,28801,807240000,"Offenbach Am Main",,DE,63073,802760000,,true,,,,,,,,,,,,
DE,1097380268002,"12-Mar-2026 UTC",SHIPMENT,FALSE,302-6237021-7441116,"13-Mar-2026 UTC",26103219398039,26103219398039,B0FMYT6Y9H,"MONTE 001 DE",1,"12-Mar-2026 UTC",0.0700,A_FOOD_GEN,EUR,VAT,Taxable,VCS_EU_OSS,Seller,ShipTo,Country,GERMANY,112.99,7.39,105.60,0.00,0.00,0.00,0.00,0.00,0.00,0.00,0.00,0.00,0.00,0.00,0.00,0.00,0.00,0.00,ESB42892893,ES,,,,,,0.0000,,0.00,ES60003P3GY9DU,"https://sellercentral.amazon.de/document/download?v=urn%3aalx%3adoc%3a9d8cab0f-1f96-4462-8642-ace99a371392%3ae016b01c-187d-43f5-9b4a-0304091cef49&t=EU_Retail_Forward",false,"ALCALA DE HENARES",MADRID,ES,28801,807240000,"Bad Dürkheim",,DE,67098,802760000,,true,,,,,,,,,,,,
DE,1097380268002,"11-Mar-2026 UTC",REFUND,FALSE,028-3946827-6821964,"19-Mar-2026 UTC",26103875771039,"amzn1:crow:DcQ1KfM6TWSEfZcvwoECcg",B0FMYXBBDD,"MONTE 002 - DE",1,"11-Mar-2026 UTC",0.0700,A_FOOD_GEN,EUR,VAT,Taxable,VCS_EU_OSS,Seller,ShipTo,Country,GERMANY,-4.77,-0.31,-4.46,0.00,0.00,0.00,0.00,0.00,0.00,0.00,0.00,0.00,0.00,0.00,0.00,0.00,0.00,0.00,ESB42892893,ES,,,,,,0.0000,,0.00,ES60000G3GY9DQ,"https://sellercentral.amazon.de/document/download?v=urn%3aalx%3adoc%3a9d8cab0f-1f96-4462-8642-ace99a371392%3a42d8fc72-a972-454e-9d97-2b865fc25a5b&t=EU_Retail_Reversal",false,"ALCALA DE HENARES",MADRID,ES,28801,807240000,Kornwestheim,Baden-Württemberg,DE,70806,802760001,,true,,,,,,,,,,,,
DE,1097380268002,"14-Mar-2026 UTC",SHIPMENT,FALSE,302-0296609-2261151,"15-Mar-2026 UTC",26111041378039,26111041378039,B0FMYT6Y9H,"MONTE 001 DE",1,"14-Mar-2026 UTC",0.0700,A_FOOD_GEN,EUR,VAT,Taxable,VCS_EU_OSS,Seller,ShipTo,Country,GERMANY,112.99,7.39,105.60,0.00,0.00,0.00,0.00,0.00,0.00,0.00,0.00,0.00,0.00,0.00,0.00,0.00,0.00,0.00,ESB42892893,ES,,,,,,0.0000,,0.00,ES60003U3GY9DU,"https://sellercentral.amazon.de/document/download?v=urn%3aalx%3adoc%3a9d8cab0f-1f96-4462-8642-ace99a371392%3a15576454-15c2-45bf-a479-537340d31b36&t=EU_Retail_Forward",false,"ALCALA DE HENARES",MADRID,ES,28801,807240000,Brohl-lützing,,DE,56656,802760000,,true,,,,,,,,,,,,
ES,1097380268002,"29-Mar-2026 UTC",SHIPMENT,FALSE,171-3766405-5560345,"30-Mar-2026 UTC",26158455852039,26158455852039,B0FMT1WLGG,"MONTE 003 - ES",1,"29-Mar-2026 UTC",0.1000,A_FOOD_GEN,EUR,VAT,Taxable,,Seller,ShipTo,Country,SPAIN,129.99,11.82,118.17,0.00,0.00,0.00,0.00,0.00,0.00,0.00,0.00,0.00,0.00,0.00,0.00,0.00,0.00,0.00,ESB42892893,ES,,,,,,0.0000,,0.00,ES6000193GY9DS,"https://sellercentral.amazon.es/document/download?v=urn%3aalx%3adoc%3a9d8cab0f-1f96-4462-8642-ace99a371392%3a61c50378-b925-47dc-8269-673fb1c185d1&t=EU_Retail_Forward",false,"ALCALA DE HENARES",MADRID,ES,28801,807240000,Hellin,Albacete,ES,02400,807240000,,true,,,,,,,,,,,,
ES,1097380268002,"10-Mar-2026 UTC",SHIPMENT,FALSE,171-9167748-6121109,"11-Mar-2026 UTC",26092195536039,26092195536039,B0FMS4L1QR,"MONTE 002 - ES",1,"10-Mar-2026 UTC",0.1000,A_FOOD_GEN,EUR,VAT,Taxable,,Seller,ShipTo,Country,SPAIN,43.99,4.00,39.99,0.00,0.00,0.00,0.00,0.00,0.00,0.00,0.00,0.00,0.00,0.00,0.00,0.00,0.00,0.00,ESB42892893,ES,,,,,,0.0000,,0.00,ES6000103GY9DS,"https://sellercentral.amazon.es/document/download?v=urn%3aalx%3adoc%3a9d8cab0f-1f96-4462-8642-ace99a371392%3a2df78e87-d820-49d9-bd5e-5cb53a04445c&t=EU_Retail_Forward",false,"ALCALA DE HENARES",MADRID,ES,28801,807240000,"MOJACAR-PLAYA (cruce)",ALMERÍA,ES,04638,807240000,,true,,,,,,,,,,,,
ES,1097380268002,"02-Mar-2026 UTC",SHIPMENT,FALSE,404-3569598-5681115,"03-Mar-2026 UTC",26062231764039,26062231764039,B0FMT1WLGG,"MONTE 003 - ES",1,"02-Mar-2026 UTC",0.1000,A_FOOD_GEN,EUR,VAT,Taxable,,Seller,ShipTo,Country,SPAIN,129.99,11.82,118.17,0.00,0.00,0.00,0.00,0.00,0.00,0.00,0.00,0.00,0.00,0.00,0.00,0.00,0.00,0.00,ESB42892893,ES,,,,,,0.0000,,0.00,ES60000W3GY9DS,"https://sellercentral.amazon.es/document/download?v=urn%3aalx%3adoc%3a9d8cab0f-1f96-4462-8642-ace99a371392%3ac7ec65e2-7e97-425c-a430-7544b22559f2&t=EU_Retail_Forward",false,"ALCALA DE HENARES",MADRID,ES,28801,807240000,Sineu,"Islas Baleares",ES,07510,807240000,,true,,,,,,,,,,,,
ES,1097380268002,"24-Mar-2026 UTC",SHIPMENT,FALSE,406-6859602-2407562,"25-Mar-2026 UTC",26143944376039,26143944376039,B0FMT1WLGG,"MONTE 003 - ES",1,"24-Mar-2026 UTC",0.1000,A_FOOD_GEN,EUR,VAT,Taxable,,Seller,ShipTo,Country,SPAIN,129.99,11.82,118.17,0.00,0.00,0.00,0.00,0.00,0.00,0.00,0.00,0.00,0.00,0.00,0.00,0.00,0.00,0.00,ESB42892893,ES,,,,,,0.0000,,0.00,ES6000183GY9DS,"https://sellercentral.amazon.es/document/download?v=urn%3aalx%3adoc%3a9d8cab0f-1f96-4462-8642-ace99a371392%3adcd7e10e-7fb8-4051-b80d-22b3be4c33d6&t=EU_Retail_Forward",false,"ALCALA DE HENARES",MADRID,ES,28801,807240000,Entrerrios,Badajoz,ES,06710,807240000,,true,,,,,,,,,,,,
ES,1097380268002,"21-Mar-2026 UTC",SHIPMENT,FALSE,404-8062439-6241150,"22-Mar-2026 UTC",26133606592039,26133606592039,B0FMKMFM2Z,"MONTE 001 - ES",1,"21-Mar-2026 UTC",0.0000,A1_FB_FOOD89,EUR,VAT,Taxable,CH_VOEC,Marketplace,ShipFrom,Country,SPAIN,107.20,0.00,107.20,0.00,0.00,0.00,6.14,0.00,6.14,0.00,0.00,0.00,0.00,0.00,0.00,0.00,0.00,0.00,ESB42892893,ES,,,,,,0.0000,,0.00,ES60000F3GY9DD,"https://sellercentral.amazon.es/document/download?v=urn%3aalx%3adoc%3a9d8cab0f-1f96-4462-8642-ace99a371392%3a8f9d27d4-ee7e-463b-9f81-1dbdb32a247f&t=EU_Retail_Forward",true,"ALCALA DE HENARES",MADRID,ES,28801,807240000,Châtel-St-Denis,Fribourg,CH,1618,807560000,,true,,,,,,,,,,,,
ES,1097380268002,"16-Mar-2026 UTC",SHIPMENT,FALSE,404-1787709-4461941,"16-Mar-2026 UTC",26116549145039,26116549145039,B0FMS4L1QR,"MONTE 002 - ES",1,"16-Mar-2026 UTC",0.1000,A_FOOD_GEN,EUR,VAT,Taxable,,Seller,ShipTo,Country,SPAIN,43.99,4.00,39.99,0.00,0.00,0.00,0.00,0.00,0.00,0.00,0.00,0.00,0.00,0.00,0.00,0.00,0.00,0.00,ESB42892893,ES,,,,,,0.0000,,0.00,ES6000123GY9DS,"https://sellercentral.amazon.es/document/download?v=urn%3aalx%3adoc%3a9d8cab0f-1f96-4462-8642-ace99a371392%3a2399b5bf-6899-404c-906a-dff67f0545b3&t=EU_Retail_Forward",false,"ALCALA DE HENARES",MADRID,ES,28801,807240000,Bembibre,Leon,ES,24300,807240000,,true,,,,,,,,,,,,
ES,1097380268002,"25-Mar-2026 UTC",SHIPMENT,FALSE,408-3353761-5671518,"25-Mar-2026 UTC",26145912059039,26145912059039,B0FMS4L1QR,"MONTE 002 - ES",1,"25-Mar-2026 UTC",0.1000,A_FOOD_GEN,EUR,VAT,Taxable,,Seller,ShipTo,Country,SPAIN,43.99,4.00,39.99,0.00,0.00,0.00,0.00,0.00,0.00,0.00,0.00,0.00,0.00,0.00,0.00,0.00,0.00,0.00,ESB42892893,ES,,,,,,0.0000,,0.00,ES6000173GY9DS,"https://sellercentral.amazon.es/document/download?v=urn%3aalx%3adoc%3a9d8cab0f-1f96-4462-8642-ace99a371392%3a9ab5fc06-8555-49de-8367-0c01a7c19cb3&t=EU_Retail_Forward",false,"ALCALA DE HENARES",MADRID,ES,28801,807240000,"Los Arenales del Sol",Alicante,ES,03195,807240000,,true,,,,,,,,,,,,
ES,1097380268002,"18-Mar-2026 UTC",SHIPMENT,FALSE,405-4480610-6669153,"19-Mar-2026 UTC",26124532512039,26124532512039,B0FMS4L1QR,"MONTE 002 - ES",1,"18-Mar-2026 UTC",0.1000,A_FOOD_GEN,EUR,VAT,Taxable,,Seller,ShipTo,Country,SPAIN,43.99,4.00,39.99,0.00,0.00,0.00,0.00,0.00,0.00,0.00,0.00,0.00,0.00,0.00,0.00,0.00,0.00,0.00,ESB42892893,ES,,,,,,0.0000,,0.00,ES6000133GY9DS,"https://sellercentral.amazon.es/document/download?v=urn%3aalx%3adoc%3a9d8cab0f-1f96-4462-8642-ace99a371392%3a2fcc2c67-0cae-4974-97ff-435c2a13eede&t=EU_Retail_Forward",false,"ALCALA DE HENARES",MADRID,ES,28801,807240000,"Caldás De Reis",Pontevedra,ES,36650,807240000,,true,,,,,,,,,,,,
ES,1097380268002,"23-Mar-2026 UTC",SHIPMENT,FALSE,406-0630986-1829159,"24-Mar-2026 UTC",26141827523039,26141827523039,B0FMS6N5L8,"MONTE 004 - ES",1,"23-Mar-2026 UTC",0.1000,A_FOOD_GEN,EUR,VAT,Taxable,,Seller,ShipTo,Country,SPAIN,119.99,10.91,109.08,0.00,0.00,0.00,0.00,0.00,0.00,0.00,0.00,0.00,0.00,0.00,0.00,0.00,0.00,0.00,ESB42892893,ES,,,,,,0.0000,,0.00,ES6000163GY9DS,"https://sellercentral.amazon.es/document/download?v=urn%3aalx%3adoc%3a9d8cab0f-1f96-4462-8642-ace99a371392%3a2c8a966a-180d-4990-ab35-cb87579bc156&t=EU_Retail_Forward",false,"ALCALA DE HENARES",MADRID,ES,28801,807240000,"La Fuensanta-Villa Inés",Almería,ES,04230,807240000,,true,,,,,,,,,,,,
ES,1097380268002,"21-Mar-2026 UTC",SHIPMENT,FALSE,171-6677468-1940349,"22-Mar-2026 UTC",26133771983039,26133771983039,B0FMYM6J6R,"TAPAS 001 - ES",1,"21-Mar-2026 UTC",0.1000,A_FOOD_GEN,EUR,VAT,Taxable,,Seller,ShipTo,Country,SPAIN,34.99,3.18,31.81,0.00,0.00,0.00,0.00,0.00,0.00,0.00,0.00,0.00,0.00,0.00,0.00,0.00,0.00,0.00,ESB42892893,ES,,,,,,0.0000,,0.00,ES6000153GY9DS,"https://sellercentral.amazon.es/document/download?v=urn%3aalx%3adoc%3a9d8cab0f-1f96-4462-8642-ace99a371392%3ac8b3662e-c2de-45bc-90b4-a7d68585b70a&t=EU_Retail_Forward",false,"ALCALA DE HENARES",MADRID,ES,28801,807240000,Alicante,Alicante,ES,03015,807240000,,true,,,,,,,,,,,,
ES,1097380268002,"23-Mar-2026 UTC",SHIPMENT,FALSE,407-1596412-8025145,"24-Mar-2026 UTC",26139802023039,26139802023039,B0FXBQZMGR,DW-1GX9-RKIG,1,"23-Mar-2026 UTC",0.0000,A1_FB_FOOD89,EUR,VAT,Taxable,CH_VOEC,Marketplace,ShipFrom,Country,SPAIN,51.65,0.00,51.65,0.00,0.00,0.00,7.88,0.00,7.88,0.00,0.00,0.00,0.00,0.00,0.00,0.00,0.00,0.00,ESB42892893,ES,,,,,,0.0000,,0.00,ES60000G3GY9DD,"https://sellercentral.amazon.es/document/download?v=urn%3aalx%3adoc%3a9d8cab0f-1f96-4462-8642-ace99a371392%3ab3ebf93f-aa04-46bb-9000-605416b3998e&t=EU_Retail_Forward",true,"ALCALA DE HENARES",MADRID,ES,28801,807240000,Laax,Suiza,CH,7031,807560000,,true,,,,,,,,,,,,
ES,1097380268002,"10-Mar-2026 UTC",SHIPMENT,FALSE,171-5394967-5072328,"11-Mar-2026 UTC",26089372458039,26089372458039,B0FMKMFM2Z,"MONTE 001 - ES",1,"10-Mar-2026 UTC",0.1000,A_FOOD_GEN,EUR,VAT,Taxable,,Seller,ShipTo,Country,SPAIN,109.99,10.00,99.99,0.00,0.00,0.00,0.00,0.00,0.00,0.00,0.00,0.00,0.00,0.00,0.00,0.00,0.00,0.00,ESB42892893,ES,,,,,,0.0000,,0.00,ES6000113GY9DS,"https://sellercentral.amazon.es/document/download?v=urn%3aalx%3adoc%3a9d8cab0f-1f96-4462-8642-ace99a371392%3a018abfc4-ffd7-477e-b2fe-40268c862e97&t=EU_Retail_Forward",false,"ALCALA DE HENARES",MADRID,ES,28801,807240000,Móstoles,España/Madrid/Madrid,ES,28935,807240000,,true,,,,,,,,,,,,
ES,1097380268002,"05-Mar-2026 UTC",SHIPMENT,FALSE,408-4264870-2960314,"06-Mar-2026 UTC",26074600756039,26074600756039,B0FMS6N5L8,"MONTE 004 - ES",1,"05-Mar-2026 UTC",0.1000,A_FOOD_GEN,EUR,VAT,Taxable,,Seller,ShipTo,Country,SPAIN,119.99,10.91,109.08,0.00,0.00,0.00,0.00,0.00,0.00,0.00,0.00,0.00,0.00,0.00,0.00,0.00,0.00,0.00,ESB42892893,ES,,,,,,0.0000,,0.00,ES60000X3GY9DS,"https://sellercentral.amazon.es/document/download?v=urn%3aalx%3adoc%3a9d8cab0f-1f96-4462-8642-ace99a371392%3aa1c3ac17-4130-4111-bc2f-bd1359e0d686&t=EU_Retail_Forward",false,"ALCALA DE HENARES",MADRID,ES,28801,807240000,TAFALLA,Navarra,ES,31300,807240000,,true,,,,,,,,,,,,
ES,1097380268002,"21-Mar-2026 UTC",SHIPMENT,FALSE,408-4412398-2618764,"22-Mar-2026 UTC",26133887264039,26133887264039,B0FMKMFM2Z,"MONTE 001 - ES",1,"21-Mar-2026 UTC",0.1000,A_FOOD_GEN,EUR,VAT,Taxable,,Seller,ShipTo,Country,SPAIN,109.99,10.00,99.99,0.00,0.00,0.00,0.00,0.00,0.00,0.00,0.00,0.00,0.00,0.00,0.00,0.00,0.00,0.00,ESB42892893,ES,,,,,,0.0000,,0.00,ES6000143GY9DS,"https://sellercentral.amazon.es/document/download?v=urn%3aalx%3adoc%3a9d8cab0f-1f96-4462-8642-ace99a371392%3a94ff2a2c-388c-486f-80b2-38f1aac2c8e4&t=EU_Retail_Forward",false,"ALCALA DE HENARES",MADRID,ES,28801,807240000,Coslada,Madrid,ES,28823,807240000,,true,,,,,,,,,,,,
ES,1097380268002,"10-Mar-2026 UTC",SHIPMENT,FALSE,406-9683181-7427553,"11-Mar-2026 UTC",26091765160039,26091765160039,B0FMS4L1QR,"MONTE 002 - ES",1,"10-Mar-2026 UTC",0.1000,A_FOOD_GEN,EUR,VAT,Taxable,,Seller,ShipTo,Country,SPAIN,43.99,4.00,39.99,0.00,0.00,0.00,0.00,0.00,0.00,0.00,0.00,0.00,0.00,0.00,0.00,0.00,0.00,0.00,ESB42892893,ES,,,,,,0.0000,,0.00,ES60000Z3GY9DS,"https://sellercentral.amazon.es/document/download?v=urn%3aalx%3adoc%3a9d8cab0f-1f96-4462-8642-ace99a371392%3a33703ba2-0a37-4868-baab-52d03b0f6103&t=EU_Retail_Forward",false,"ALCALA DE HENARES",MADRID,ES,28801,807240000,Pamplona,Navarra,ES,31011,807240000,,true,,,,,,,,,,,,
ES,1097380268002,"01-Mar-2026 UTC",SHIPMENT,FALSE,406-1199175-4911540,"02-Mar-2026 UTC",26061141110039,26061141110039,B0FMS4L1QR,"MONTE 002 - ES",1,"01-Mar-2026 UTC",0.1000,A_FOOD_GEN,EUR,VAT,Taxable,,Seller,ShipTo,Country,SPAIN,43.99,4.00,39.99,0.00,0.00,0.00,0.00,0.00,0.00,0.00,0.00,0.00,0.00,0.00,0.00,0.00,0.00,0.00,ESB42892893,ES,,,,,,0.0000,,0.00,ES60000V3GY9DS,"https://sellercentral.amazon.es/document/download?v=urn%3aalx%3adoc%3a9d8cab0f-1f96-4462-8642-ace99a371392%3aec683ebc-588b-466b-933e-e0cfea52067d&t=EU_Retail_Forward",false,"ALCALA DE HENARES",MADRID,ES,28801,807240000,Bembibre,Leon,ES,24300,807240000,,true,,,,,,,,,,,,
FR,1097380268002,"04-Mar-2026 UTC",SHIPMENT,FALSE,407-2530559-2775521,"05-Mar-2026 UTC",26070632213039,26070632213039,B0FN12R76R,"MONTE 002 - FR",1,"04-Mar-2026 UTC",0.0550,A_FOOD_GEN,EUR,VAT,Taxable,VCS_EU_OSS,Seller,ShipTo,Country,FRANCE,52.99,2.76,50.23,0.00,0.00,0.00,0.00,0.00,0.00,0.00,0.00,0.00,0.00,0.00,0.00,0.00,0.00,0.00,ESB42892893,ES,,,,,,0.0000,,0.00,ES60003A3GY9DU,"https://sellercentral.amazon.fr/document/download?v=urn%3aalx%3adoc%3a9d8cab0f-1f96-4462-8642-ace99a371392%3a2dd9d9da-d7c2-45d6-a9ce-c8339976ae5b&t=EU_Retail_Forward",false,"ALCALA DE HENARES",MADRID,ES,28801,807240000,Thionville,,FR,57100,802500000,,true,,,,,,,,,,,,
FR,1097380268002,"28-Feb-2026 UTC",SHIPMENT,FALSE,404-2108262-2105913,"01-Mar-2026 UTC",26055739275039,26055739275039,B0FNN9GYN8,"MONTE 001 - BE",1,"28-Feb-2026 UTC",0.0550,A_FOOD_GEN,EUR,VAT,Taxable,VCS_EU_OSS,Seller,ShipTo,Country,FRANCE,113.99,5.94,108.05,0.00,0.00,0.00,0.00,0.00,0.00,0.00,0.00,0.00,0.00,0.00,0.00,0.00,0.00,0.00,ESB42892893,ES,,,,,,0.0000,,0.00,ES6000353GY9DU,"https://sellercentral.amazon.fr/document/download?v=urn%3aalx%3adoc%3a9d8cab0f-1f96-4462-8642-ace99a371392%3a5474ba99-43b6-4662-b9e3-e636d1c9d3d1&t=EU_Retail_Forward",false,"ALCALA DE HENARES",MADRID,ES,28801,807240000,Ervauville,,FR,45320,802500000,,true,,,,,,,,,,,,
FR,1097380268002,"18-Mar-2026 UTC",SHIPMENT,FALSE,402-2011531-7088358,"19-Mar-2026 UTC",26124974392039,26124974392039,B0FN12R76R,"MONTE 002 - FR",1,"18-Mar-2026 UTC",0.0550,A_FOOD_GEN,EUR,VAT,Taxable,VCS_EU_OSS,Seller,ShipTo,Country,FRANCE,52.99,2.76,50.23,0.00,0.00,0.00,0.00,0.00,0.00,0.00,0.00,0.00,0.00,0.00,0.00,0.00,0.00,0.00,ESB42892893,ES,,,,,,0.0000,,0.00,ES60003Z3GY9DU,"https://sellercentral.amazon.fr/document/download?v=urn%3aalx%3adoc%3a9d8cab0f-1f96-4462-8642-ace99a371392%3a73e1519e-d731-4f71-b448-a4f90b7fed72&t=EU_Retail_Forward",false,"ALCALA DE HENARES",MADRID,ES,28801,807240000,"Les Lilas",,FR,93260,802500000,,true,,,,,,,,,,,,
FR,1097380268002,"05-Mar-2026 UTC",SHIPMENT,FALSE,405-9605228-4863543,"06-Mar-2026 UTC",26074734014039,26074734014039,B0FNN9GYN8,"MONTE 001 - BE",1,"05-Mar-2026 UTC",0.0550,A_FOOD_GEN,EUR,VAT,Taxable,VCS_EU_OSS,Seller,ShipTo,Country,FRANCE,113.99,5.94,108.05,0.00,0.00,0.00,32.50,1.69,30.81,0.00,0.00,0.00,0.00,0.00,0.00,0.00,0.00,0.00,ESB42892893,ES,,,,,,0.0000,,0.00,ES60003B3GY9DU,"https://sellercentral.amazon.fr/document/download?v=urn%3aalx%3adoc%3a9d8cab0f-1f96-4462-8642-ace99a371392%3a821c3d0b-c786-4a05-b7cc-b844648be950&t=EU_Retail_Forward",false,"ALCALA DE HENARES",MADRID,ES,28801,807240000,Montpellier,,FR,34070,802500000,,true,,,,,,,,,,,,
FR,1097380268002,"24-Mar-2026 UTC",SHIPMENT,FALSE,402-6522405-1286756,"25-Mar-2026 UTC",26143874128039,26143874128039,B0FN12R76R,"MONTE 002 - FR",1,"24-Mar-2026 UTC",0.0550,A_FOOD_GEN,EUR,VAT,Taxable,VCS_EU_OSS,Seller,ShipTo,Country,FRANCE,52.99,2.76,50.23,0.00,0.00,0.00,0.00,0.00,0.00,0.00,0.00,0.00,0.00,0.00,0.00,0.00,0.00,0.00,ESB42892893,ES,,,,,,0.0000,,0.00,ES6000463GY9DU,"https://sellercentral.amazon.fr/document/download?v=urn%3aalx%3adoc%3a9d8cab0f-1f96-4462-8642-ace99a371392%3a18ae2b0c-f117-439e-94e4-7012d0897310&t=EU_Retail_Forward",false,"ALCALA DE HENARES",MADRID,ES,28801,807240000,"St Bresson",,FR,70280,802500000,,true,,,,,,,,,,,,
FR,1097380268002,"26-Mar-2026 UTC",SHIPMENT,FALSE,402-7699574-7080332,"27-Mar-2026 UTC",26149826526039,26149826526039,B0FN12R76R,"MONTE 002 - BE",1,"26-Mar-2026 UTC",0.0550,A_FOOD_GEN,EUR,VAT,Taxable,VCS_EU_OSS,Seller,ShipTo,Country,FRANCE,52.99,2.76,50.23,0.00,0.00,0.00,0.00,0.00,0.00,0.00,0.00,0.00,0.00,0.00,0.00,0.00,0.00,0.00,ESB42892893,ES,,,,,,0.0000,,0.00,ES6000483GY9DU,"https://sellercentral.amazon.fr/document/download?v=urn%3aalx%3adoc%3a9d8cab0f-1f96-4462-8642-ace99a371392%3ae9195041-8099-4c2c-a699-1acaf61a8b0b&t=EU_Retail_Forward",false,"ALCALA DE HENARES",MADRID,ES,28801,807240000,"La Ferte Sous Jouarre",,FR,77260,802500000,,true,,,,,,,,,,,,
FR,1097380268002,"20-Mar-2026 UTC",SHIPMENT,FALSE,407-8191394-7049150,"21-Mar-2026 UTC",26131166681039,26131166681039,B0FMZWK26K,"MONTE 004 - FR",1,"20-Mar-2026 UTC",0.0550,A_FOOD_GEN,EUR,VAT,Taxable,VCS_EU_OSS,Seller,ShipTo,Country,FRANCE,119.99,6.26,113.73,0.00,0.00,0.00,0.00,0.00,0.00,0.00,0.00,0.00,0.00,0.00,0.00,0.00,0.00,0.00,ESB42892893,ES,,,,,,0.0000,,0.00,ES6000423GY9DU,"https://sellercentral.amazon.fr/document/download?v=urn%3aalx%3adoc%3a9d8cab0f-1f96-4462-8642-ace99a371392%3af8cd4801-48af-4826-9882-569f2b6a03ca&t=EU_Retail_Forward",false,"ALCALA DE HENARES",MADRID,ES,28801,807240000,"Lamothe d'Ales cne de Lavergne",,FR,47800,802500000,,true,,,,,,,,,,,,
FR,1097380268002,"01-Mar-2026 UTC",SHIPMENT,FALSE,407-3356129-8526763,"02-Mar-2026 UTC",26060214845039,26060214845039,B0FNN9GYN8,"MONTE 001 - BE",1,"01-Mar-2026 UTC",0.0550,A_FOOD_GEN,EUR,VAT,Taxable,VCS_EU_OSS,Seller,ShipTo,Country,FRANCE,113.99,5.94,108.05,0.00,0.00,0.00,0.00,0.00,0.00,0.00,0.00,0.00,0.00,0.00,0.00,0.00,0.00,0.00,ESB42892893,ES,,,,,,0.0000,,0.00,ES6000373GY9DU,"https://sellercentral.amazon.fr/document/download?v=urn%3aalx%3adoc%3a9d8cab0f-1f96-4462-8642-ace99a371392%3aaa78ef34-9ead-4a32-b2f6-245aa8be061e&t=EU_Retail_Forward",false,"ALCALA DE HENARES",MADRID,ES,28801,807240000,"Poinson Les Fayl",,FR,52500,802500000,,true,,,,,,,,,,,,
FR,1097380268002,"29-Mar-2026 UTC",SHIPMENT,FALSE,402-0401895-8211558,"30-Mar-2026 UTC",26159864232039,26159864232039,B0FXBQZMGR,DW-1GX9-RKIG,1,"29-Mar-2026 UTC",0.0550,A_FOOD_GEN,EUR,VAT,Taxable,VCS_EU_OSS,Seller,ShipTo,Country,FRANCE,52.55,2.74,49.81,0.00,0.00,0.00,0.00,0.00,0.00,0.00,0.00,0.00,0.00,0.00,0.00,0.00,0.00,0.00,ESB42892893,ES,,,,,,0.0000,,0.00,ES60004C3GY9DU,"https://sellercentral.amazon.fr/document/download?v=urn%3aalx%3adoc%3a9d8cab0f-1f96-4462-8642-ace99a371392%3a8dc3d64d-cb21-4479-aee2-ac69706c78d4&t=EU_Retail_Forward",false,"ALCALA DE HENARES",MADRID,ES,28801,807240000,Rebais,,FR,77510,802500000,,true,,,,,,,,,,,,
